2025-09-01 13:13:41,873 - INFO - Starting newsletter email sequence...
2025-09-01 13:13:41,882 - INFO - Processing 0 users for day2 emails
2025-09-01 13:13:41,882 - INFO - Processing 0 users for day4 emails
2025-09-01 13:13:41,882 - INFO - Processing 0 users for day6 emails
2025-09-01 13:13:41,882 - INFO - Newsletter sequence completed. Total emails sent: 0
2025-09-02 13:14:52,594 - INFO - Starting newsletter email sequence...
2025-09-02 13:14:52,603 - INFO - Processing 0 users for day2 emails
2025-09-02 13:14:52,603 - INFO - Processing 0 users for day4 emails
2025-09-02 13:14:52,603 - INFO - Processing 0 users for day6 emails
2025-09-02 13:14:52,603 - INFO - Newsletter sequence completed. Total emails sent: 0
2025-09-03 13:14:08,243 - INFO - Starting newsletter email sequence...
2025-09-03 13:14:08,252 - INFO - Processing 3 users for day2 emails
2025-09-03 13:14:08,645 - INFO - Successfully sent day2 email to fran.bto@hotmail.com
2025-09-03 13:14:08,660 - INFO - Updated day2_sent tracking for user 1
2025-09-03 13:14:09,731 - INFO - Successfully sent day2 email to colemanedawkins@gmail.com
2025-09-03 13:14:09,748 - INFO - Updated day2_sent tracking for user 2
2025-09-03 13:14:10,549 - INFO - Successfully sent day2 email to lutimoth@gmail.com
2025-09-03 13:14:10,559 - INFO - Updated day2_sent tracking for user 3
2025-09-03 13:14:11,060 - INFO - Processing 0 users for day4 emails
2025-09-03 13:14:11,060 - INFO - Processing 0 users for day6 emails
2025-09-03 13:14:11,060 - INFO - Newsletter sequence completed. Total emails sent: 3
2025-09-04 13:14:56,400 - INFO - Starting newsletter email sequence...
2025-09-04 13:14:56,410 - INFO - Processing 3 users for day2 emails
2025-09-04 13:14:56,981 - INFO - Successfully sent day2 email to gabrielsmarusens@gmail.com
2025-09-04 13:14:56,993 - INFO - Updated day2_sent tracking for user 4
2025-09-04 13:14:57,867 - INFO - Successfully sent day2 email to kateeast@outlook.com
2025-09-04 13:14:57,885 - INFO - Updated day2_sent tracking for user 5
2025-09-04 13:14:58,690 - INFO - Successfully sent day2 email to connorgold04@gmail.com
2025-09-04 13:14:58,703 - INFO - Updated day2_sent tracking for user 6
2025-09-04 13:14:59,203 - INFO - Processing 0 users for day4 emails
2025-09-04 13:14:59,203 - INFO - Processing 0 users for day6 emails
2025-09-04 13:14:59,203 - INFO - Newsletter sequence completed. Total emails sent: 3
2025-09-05 13:13:11,702 - INFO - Starting newsletter email sequence...
2025-09-05 13:13:11,716 - INFO - Processing 6 users for day2 emails
2025-09-05 13:13:12,093 - INFO - Successfully sent day2 email to simmsalex54@gmail.com
2025-09-05 13:13:12,104 - INFO - Updated day2_sent tracking for user 7
2025-09-05 13:13:12,912 - INFO - Successfully sent day2 email to ocalderone@outlook.com
2025-09-05 13:13:12,923 - INFO - Updated day2_sent tracking for user 8
2025-09-05 13:13:13,712 - INFO - Successfully sent day2 email to johnmichaelwatson5@gmail.com
2025-09-05 13:13:13,726 - INFO - Updated day2_sent tracking for user 9
2025-09-05 13:13:14,748 - INFO - Successfully sent day2 email to jmeachum19@gmail.com
2025-09-05 13:13:14,758 - INFO - Updated day2_sent tracking for user 10
2025-09-05 13:13:15,550 - INFO - Successfully sent day2 email to pvilsons@icloud.com
2025-09-05 13:13:15,560 - INFO - Updated day2_sent tracking for user 11
2025-09-05 13:13:16,359 - INFO - Successfully sent day2 email to joenes570@gmail.com
2025-09-05 13:13:16,370 - INFO - Updated day2_sent tracking for user 12
2025-09-05 13:13:16,870 - INFO - Processing 3 users for day4 emails
2025-09-05 13:13:17,174 - INFO - Successfully sent day4 email to fran.bto@hotmail.com
2025-09-05 13:13:17,184 - INFO - Updated day4_sent tracking for user 1
2025-09-05 13:13:18,001 - INFO - Successfully sent day4 email to colemanedawkins@gmail.com
2025-09-05 13:13:18,010 - INFO - Updated day4_sent tracking for user 2
2025-09-05 13:13:18,783 - INFO - Successfully sent day4 email to lutimoth@gmail.com
2025-09-05 13:13:18,793 - INFO - Updated day4_sent tracking for user 3
2025-09-05 13:13:19,293 - INFO - Processing 0 users for day6 emails
2025-09-05 13:13:19,293 - INFO - Newsletter sequence completed. Total emails sent: 9
2025-09-06 13:13:12,837 - INFO - Starting newsletter email sequence...
2025-09-06 13:13:12,847 - INFO - Processing 6 users for day2 emails
2025-09-06 13:13:13,396 - INFO - Successfully sent day2 email to habibasaididris@gmail.com
2025-09-06 13:13:13,411 - INFO - Updated day2_sent tracking for user 13
2025-09-06 13:13:14,208 - INFO - Successfully sent day2 email to andreablattman@gmail.com
2025-09-06 13:13:14,222 - INFO - Updated day2_sent tracking for user 14
2025-09-06 13:13:15,231 - INFO - Successfully sent day2 email to owenkaestner02@gmail.com
2025-09-06 13:13:15,245 - INFO - Updated day2_sent tracking for user 15
2025-09-06 13:13:16,085 - INFO - Successfully sent day2 email to samuelpaullife@gmail.com
2025-09-06 13:13:16,095 - INFO - Updated day2_sent tracking for user 16
2025-09-06 13:13:17,157 - INFO - Successfully sent day2 email to ethanjoe900@gmail.com
2025-09-06 13:13:17,166 - INFO - Updated day2_sent tracking for user 17
2025-09-06 13:13:18,223 - INFO - Successfully sent day2 email to simkalkat1909@hmail.com
2025-09-06 13:13:18,244 - INFO - Updated day2_sent tracking for user 18
2025-09-06 13:13:18,745 - INFO - Processing 3 users for day4 emails
2025-09-06 13:13:19,254 - INFO - Successfully sent day4 email to gabrielsmarusens@gmail.com
2025-09-06 13:13:19,264 - INFO - Updated day4_sent tracking for user 4
2025-09-06 13:13:20,261 - INFO - Successfully sent day4 email to kateeast@outlook.com
2025-09-06 13:13:20,276 - INFO - Updated day4_sent tracking for user 5
2025-09-06 13:13:21,280 - INFO - Successfully sent day4 email to connorgold04@gmail.com
2025-09-06 13:13:21,290 - INFO - Updated day4_sent tracking for user 6
2025-09-06 13:13:21,790 - INFO - Processing 0 users for day6 emails
2025-09-06 13:13:21,790 - INFO - Newsletter sequence completed. Total emails sent: 9
2025-09-07 13:12:50,741 - INFO - Starting newsletter email sequence...
2025-09-07 13:12:50,755 - INFO - Processing 4 users for day2 emails
2025-09-07 13:12:51,420 - INFO - Successfully sent day2 email to fateme.sayfan@gmail.com
2025-09-07 13:12:51,437 - INFO - Updated day2_sent tracking for user 19
2025-09-07 13:12:52,486 - INFO - Successfully sent day2 email to corinnecatlinfischer@gmail.com
2025-09-07 13:12:52,502 - INFO - Updated day2_sent tracking for user 20
2025-09-07 13:12:53,319 - INFO - Successfully sent day2 email to vcastillo1367@gmail.com
2025-09-07 13:12:53,328 - INFO - Updated day2_sent tracking for user 21
2025-09-07 13:12:54,146 - INFO - Successfully sent day2 email to salgrinstead3@gmail.com
2025-09-07 13:12:54,162 - INFO - Updated day2_sent tracking for user 22
2025-09-07 13:12:54,662 - INFO - Processing 6 users for day4 emails
2025-09-07 13:12:55,173 - INFO - Successfully sent day4 email to simmsalex54@gmail.com
2025-09-07 13:12:55,191 - INFO - Updated day4_sent tracking for user 7
2025-09-07 13:12:56,245 - INFO - Successfully sent day4 email to ocalderone@outlook.com
2025-09-07 13:12:56,260 - INFO - Updated day4_sent tracking for user 8
2025-09-07 13:12:57,297 - INFO - Successfully sent day4 email to johnmichaelwatson5@gmail.com
2025-09-07 13:12:57,311 - INFO - Updated day4_sent tracking for user 9
2025-09-07 13:12:58,376 - INFO - Successfully sent day4 email to jmeachum19@gmail.com
2025-09-07 13:12:58,389 - INFO - Updated day4_sent tracking for user 10
2025-09-07 13:12:59,421 - INFO - Successfully sent day4 email to pvilsons@icloud.com
2025-09-07 13:12:59,433 - INFO - Updated day4_sent tracking for user 11
2025-09-07 13:13:00,539 - INFO - Successfully sent day4 email to joenes570@gmail.com
2025-09-07 13:13:00,550 - INFO - Updated day4_sent tracking for user 12
2025-09-07 13:13:01,050 - INFO - Processing 3 users for day6 emails
2025-09-07 13:13:01,577 - INFO - Successfully sent day6 email to fran.bto@hotmail.com
2025-09-07 13:13:01,592 - INFO - Updated day6_sent tracking for user 1
2025-09-07 13:13:02,612 - INFO - Successfully sent day6 email to colemanedawkins@gmail.com
2025-09-07 13:13:02,630 - INFO - Updated day6_sent tracking for user 2
2025-09-07 13:13:03,686 - INFO - Successfully sent day6 email to lutimoth@gmail.com
2025-09-07 13:13:03,695 - INFO - Updated day6_sent tracking for user 3
2025-09-07 13:13:04,195 - INFO - Newsletter sequence completed. Total emails sent: 13
2025-09-08 13:13:40,364 - INFO - Starting newsletter email sequence...
2025-09-08 13:13:40,374 - INFO - Processing 5 users for day2 emails
2025-09-08 13:13:40,674 - INFO - Successfully sent day2 email to marcotambe01@gmail.com
2025-09-08 13:13:40,683 - INFO - Updated day2_sent tracking for user 23
2025-09-08 13:13:41,717 - INFO - Successfully sent day2 email to joshua.caputo13@gmail.com
2025-09-08 13:13:41,735 - INFO - Updated day2_sent tracking for user 24
2025-09-08 13:13:42,502 - INFO - Successfully sent day2 email to omarabbasi076@gmail.com
2025-09-08 13:13:42,512 - INFO - Updated day2_sent tracking for user 25
2025-09-08 13:13:43,310 - INFO - Successfully sent day2 email to ajayaware23@gmail.com
2025-09-08 13:13:43,322 - INFO - Updated day2_sent tracking for user 26
2025-09-08 13:13:44,117 - INFO - Successfully sent day2 email to beth.leeke@gmail.com
2025-09-08 13:13:44,133 - INFO - Updated day2_sent tracking for user 27
2025-09-08 13:13:44,634 - INFO - Processing 6 users for day4 emails
2025-09-08 13:13:45,264 - INFO - Successfully sent day4 email to habibasaididris@gmail.com
2025-09-08 13:13:45,278 - INFO - Updated day4_sent tracking for user 13
2025-09-08 13:13:46,295 - INFO - Successfully sent day4 email to andreablattman@gmail.com
2025-09-08 13:13:46,311 - INFO - Updated day4_sent tracking for user 14
2025-09-08 13:13:47,099 - INFO - Successfully sent day4 email to owenkaestner02@gmail.com
2025-09-08 13:13:47,115 - INFO - Updated day4_sent tracking for user 15
2025-09-08 13:13:47,884 - INFO - Successfully sent day4 email to samuelpaullife@gmail.com
2025-09-08 13:13:47,895 - INFO - Updated day4_sent tracking for user 16
2025-09-08 13:13:48,937 - INFO - Successfully sent day4 email to ethanjoe900@gmail.com
2025-09-08 13:13:48,947 - INFO - Updated day4_sent tracking for user 17
2025-09-08 13:13:49,998 - INFO - Successfully sent day4 email to simkalkat1909@hmail.com
2025-09-08 13:13:50,017 - INFO - Updated day4_sent tracking for user 18
2025-09-08 13:13:50,517 - INFO - Processing 3 users for day6 emails
2025-09-08 13:13:50,809 - INFO - Successfully sent day6 email to gabrielsmarusens@gmail.com
2025-09-08 13:13:50,819 - INFO - Updated day6_sent tracking for user 4
2025-09-08 13:13:51,602 - INFO - Successfully sent day6 email to kateeast@outlook.com
2025-09-08 13:13:51,612 - INFO - Updated day6_sent tracking for user 5
2025-09-08 13:13:52,421 - INFO - Successfully sent day6 email to connorgold04@gmail.com
2025-09-08 13:13:52,435 - INFO - Updated day6_sent tracking for user 6
2025-09-08 13:13:52,936 - INFO - Newsletter sequence completed. Total emails sent: 14
2025-09-09 13:13:54,223 - INFO - Starting newsletter email sequence...
2025-09-09 13:13:54,232 - INFO - Processing 2 users for day2 emails
2025-09-09 13:13:54,787 - INFO - Successfully sent day2 email to theascendingstairways@gmail.com
2025-09-09 13:13:54,804 - INFO - Updated day2_sent tracking for user 28
2025-09-09 13:13:55,591 - INFO - Successfully sent day2 email to molliejoseph123@gmail.com
2025-09-09 13:13:55,601 - INFO - Updated day2_sent tracking for user 29
2025-09-09 13:13:56,101 - INFO - Processing 4 users for day4 emails
2025-09-09 13:13:56,391 - INFO - Successfully sent day4 email to fateme.sayfan@gmail.com
2025-09-09 13:13:56,401 - INFO - Updated day4_sent tracking for user 19
2025-09-09 13:13:57,180 - INFO - Successfully sent day4 email to corinnecatlinfischer@gmail.com
2025-09-09 13:13:57,197 - INFO - Updated day4_sent tracking for user 20
2025-09-09 13:13:58,037 - INFO - Successfully sent day4 email to vcastillo1367@gmail.com
2025-09-09 13:13:58,053 - INFO - Updated day4_sent tracking for user 21
2025-09-09 13:13:58,882 - INFO - Successfully sent day4 email to salgrinstead3@gmail.com
2025-09-09 13:13:58,892 - INFO - Updated day4_sent tracking for user 22
2025-09-09 13:13:59,392 - INFO - Processing 6 users for day6 emails
2025-09-09 13:13:59,660 - INFO - Successfully sent day6 email to simmsalex54@gmail.com
2025-09-09 13:13:59,677 - INFO - Updated day6_sent tracking for user 7
2025-09-09 13:14:00,549 - INFO - Successfully sent day6 email to ocalderone@outlook.com
2025-09-09 13:14:00,562 - INFO - Updated day6_sent tracking for user 8
2025-09-09 13:14:01,376 - INFO - Successfully sent day6 email to johnmichaelwatson5@gmail.com
2025-09-09 13:14:01,389 - INFO - Updated day6_sent tracking for user 9
2025-09-09 13:14:02,168 - INFO - Successfully sent day6 email to jmeachum19@gmail.com
2025-09-09 13:14:02,181 - INFO - Updated day6_sent tracking for user 10
2025-09-09 13:14:03,003 - INFO - Successfully sent day6 email to pvilsons@icloud.com
2025-09-09 13:14:03,016 - INFO - Updated day6_sent tracking for user 11
2025-09-09 13:14:03,897 - INFO - Successfully sent day6 email to joenes570@gmail.com
2025-09-09 13:14:03,910 - INFO - Updated day6_sent tracking for user 12
2025-09-09 13:14:04,410 - INFO - Newsletter sequence completed. Total emails sent: 12
2025-09-10 13:14:25,769 - INFO - Starting newsletter email sequence...
2025-09-10 13:14:25,779 - INFO - Processing 2 users for day2 emails
2025-09-10 13:14:26,168 - INFO - Successfully sent day2 email to nowlifeisgolden@gmail.com
2025-09-10 13:14:26,185 - INFO - Updated day2_sent tracking for user 30
2025-09-10 13:14:26,944 - INFO - Successfully sent day2 email to aylaazzurahad@gmail.com
2025-09-10 13:14:26,955 - INFO - Updated day2_sent tracking for user 31
2025-09-10 13:14:27,455 - INFO - Processing 5 users for day4 emails
2025-09-10 13:14:27,721 - INFO - Successfully sent day4 email to marcotambe01@gmail.com
2025-09-10 13:14:27,732 - INFO - Updated day4_sent tracking for user 23
2025-09-10 13:14:28,579 - INFO - Successfully sent day4 email to joshua.caputo13@gmail.com
2025-09-10 13:14:28,590 - INFO - Updated day4_sent tracking for user 24
2025-09-10 13:14:29,346 - INFO - Successfully sent day4 email to omarabbasi076@gmail.com
2025-09-10 13:14:29,356 - INFO - Updated day4_sent tracking for user 25
2025-09-10 13:14:30,144 - INFO - Successfully sent day4 email to ajayaware23@gmail.com
2025-09-10 13:14:30,155 - INFO - Updated day4_sent tracking for user 26
2025-09-10 13:14:30,955 - INFO - Successfully sent day4 email to beth.leeke@gmail.com
2025-09-10 13:14:30,970 - INFO - Updated day4_sent tracking for user 27
2025-09-10 13:14:31,471 - INFO - Processing 6 users for day6 emails
2025-09-10 13:14:31,761 - INFO - Successfully sent day6 email to habibasaididris@gmail.com
2025-09-10 13:14:31,773 - INFO - Updated day6_sent tracking for user 13
2025-09-10 13:14:32,565 - INFO - Successfully sent day6 email to andreablattman@gmail.com
2025-09-10 13:14:32,575 - INFO - Updated day6_sent tracking for user 14
2025-09-10 13:14:33,400 - INFO - Successfully sent day6 email to owenkaestner02@gmail.com
2025-09-10 13:14:33,416 - INFO - Updated day6_sent tracking for user 15
2025-09-10 13:14:34,240 - INFO - Successfully sent day6 email to samuelpaullife@gmail.com
2025-09-10 13:14:34,250 - INFO - Updated day6_sent tracking for user 16
2025-09-10 13:14:35,066 - INFO - Successfully sent day6 email to ethanjoe900@gmail.com
2025-09-10 13:14:35,076 - INFO - Updated day6_sent tracking for user 17
2025-09-10 13:14:35,875 - INFO - Successfully sent day6 email to simkalkat1909@hmail.com
2025-09-10 13:14:35,888 - INFO - Updated day6_sent tracking for user 18
2025-09-10 13:14:36,388 - INFO - Newsletter sequence completed. Total emails sent: 13
2025-09-11 13:14:41,081 - INFO - Starting newsletter email sequence...
2025-09-11 13:14:41,095 - INFO - Processing 2 users for day2 emails
2025-09-11 13:14:41,498 - INFO - Successfully sent day2 email to lalithapriyasripathi@gmail.com
2025-09-11 13:14:41,511 - INFO - Updated day2_sent tracking for user 32
2025-09-11 13:14:42,292 - INFO - Successfully sent day2 email to alaminkabir1211@gmail.com
2025-09-11 13:14:42,309 - INFO - Updated day2_sent tracking for user 33
2025-09-11 13:14:42,809 - INFO - Processing 2 users for day4 emails
2025-09-11 13:14:43,093 - INFO - Successfully sent day4 email to theascendingstairways@gmail.com
2025-09-11 13:14:43,109 - INFO - Updated day4_sent tracking for user 28
2025-09-11 13:14:43,904 - INFO - Successfully sent day4 email to molliejoseph123@gmail.com
2025-09-11 13:14:43,920 - INFO - Updated day4_sent tracking for user 29
2025-09-11 13:14:44,421 - INFO - Processing 4 users for day6 emails
2025-09-11 13:14:44,703 - INFO - Successfully sent day6 email to fateme.sayfan@gmail.com
2025-09-11 13:14:44,713 - INFO - Updated day6_sent tracking for user 19
2025-09-11 13:14:45,551 - INFO - Successfully sent day6 email to corinnecatlinfischer@gmail.com
2025-09-11 13:14:45,567 - INFO - Updated day6_sent tracking for user 20
2025-09-11 13:14:46,393 - INFO - Successfully sent day6 email to vcastillo1367@gmail.com
2025-09-11 13:14:46,407 - INFO - Updated day6_sent tracking for user 21
2025-09-11 13:14:47,281 - INFO - Successfully sent day6 email to salgrinstead3@gmail.com
2025-09-11 13:14:47,292 - INFO - Updated day6_sent tracking for user 22
2025-09-11 13:14:47,792 - INFO - Newsletter sequence completed. Total emails sent: 8
2025-09-12 13:15:32,003 - INFO - Starting newsletter email sequence...
2025-09-12 13:15:32,012 - INFO - Processing 8 users for day2 emails
2025-09-12 13:15:32,318 - INFO - Successfully sent day2 email to swc9700@gmail.com
2025-09-12 13:15:32,328 - INFO - Updated day2_sent tracking for user 35
2025-09-12 13:15:33,088 - INFO - Successfully sent day2 email to sam739300@gmail.com
2025-09-12 13:15:33,102 - INFO - Updated day2_sent tracking for user 36
2025-09-12 13:15:33,911 - INFO - Successfully sent day2 email to jayy@andrew.cmu.edu
2025-09-12 13:15:33,929 - INFO - Updated day2_sent tracking for user 37
2025-09-12 13:15:34,710 - INFO - Successfully sent day2 email to leensert@gmail.com
2025-09-12 13:15:34,724 - INFO - Updated day2_sent tracking for user 38
2025-09-12 13:15:35,517 - INFO - Successfully sent day2 email to travispedwards@gmail.com
2025-09-12 13:15:35,534 - INFO - Updated day2_sent tracking for user 39
2025-09-12 13:15:36,407 - INFO - Successfully sent day2 email to musahassandengi@gmail.com
2025-09-12 13:15:36,421 - INFO - Updated day2_sent tracking for user 40
2025-09-12 13:15:37,255 - INFO - Successfully sent day2 email to hadrokatie@gmail.com
2025-09-12 13:15:37,265 - INFO - Updated day2_sent tracking for user 41
2025-09-12 13:15:38,110 - INFO - Successfully sent day2 email to ravlase77@gmail.com
2025-09-12 13:15:38,126 - INFO - Updated day2_sent tracking for user 34
2025-09-12 13:15:38,627 - INFO - Processing 2 users for day4 emails
2025-09-12 13:15:38,936 - INFO - Successfully sent day4 email to nowlifeisgolden@gmail.com
2025-09-12 13:15:38,949 - INFO - Updated day4_sent tracking for user 30
2025-09-12 13:15:39,739 - INFO - Successfully sent day4 email to aylaazzurahad@gmail.com
2025-09-12 13:15:39,750 - INFO - Updated day4_sent tracking for user 31
2025-09-12 13:15:40,250 - INFO - Processing 5 users for day6 emails
2025-09-12 13:15:40,540 - INFO - Successfully sent day6 email to marcotambe01@gmail.com
2025-09-12 13:15:40,550 - INFO - Updated day6_sent tracking for user 23
2025-09-12 13:15:41,391 - INFO - Successfully sent day6 email to joshua.caputo13@gmail.com
2025-09-12 13:15:41,405 - INFO - Updated day6_sent tracking for user 24
2025-09-12 13:15:42,198 - INFO - Successfully sent day6 email to omarabbasi076@gmail.com
2025-09-12 13:15:42,212 - INFO - Updated day6_sent tracking for user 25
2025-09-12 13:15:43,191 - INFO - Successfully sent day6 email to ajayaware23@gmail.com
2025-09-12 13:15:43,206 - INFO - Updated day6_sent tracking for user 26
2025-09-12 13:15:43,998 - INFO - Successfully sent day6 email to beth.leeke@gmail.com
2025-09-12 13:15:44,017 - INFO - Updated day6_sent tracking for user 27
2025-09-12 13:15:44,518 - INFO - Newsletter sequence completed. Total emails sent: 15
2025-09-13 13:13:43,915 - INFO - Starting newsletter email sequence...
2025-09-13 13:13:43,925 - INFO - Processing 4 users for day2 emails
2025-09-13 13:13:44,318 - INFO - Successfully sent day2 email to mab8068@psu.edu
2025-09-13 13:13:44,335 - INFO - Updated day2_sent tracking for user 42
2025-09-13 13:13:45,111 - INFO - Successfully sent day2 email to shanetruenow@gmail.com
2025-09-13 13:13:45,121 - INFO - Updated day2_sent tracking for user 43
2025-09-13 13:13:45,921 - INFO - Successfully sent day2 email to lousus42@gmail.com
2025-09-13 13:13:45,933 - INFO - Updated day2_sent tracking for user 44
2025-09-13 13:13:46,713 - INFO - Successfully sent day2 email to ellecrisostomo2013@gmail.com
2025-09-13 13:13:46,725 - INFO - Updated day2_sent tracking for user 45
2025-09-13 13:13:47,225 - INFO - Processing 2 users for day4 emails
2025-09-13 13:13:47,557 - INFO - Successfully sent day4 email to lalithapriyasripathi@gmail.com
2025-09-13 13:13:47,576 - INFO - Updated day4_sent tracking for user 32
2025-09-13 13:13:48,362 - INFO - Successfully sent day4 email to alaminkabir1211@gmail.com
2025-09-13 13:13:48,373 - INFO - Updated day4_sent tracking for user 33
2025-09-13 13:13:48,873 - INFO - Processing 2 users for day6 emails
2025-09-13 13:13:49,201 - INFO - Successfully sent day6 email to molliejoseph123@gmail.com
2025-09-13 13:13:49,217 - INFO - Updated day6_sent tracking for user 29
2025-09-13 13:13:50,026 - INFO - Successfully sent day6 email to theascendingstairways@gmail.com
2025-09-13 13:13:50,042 - INFO - Updated day6_sent tracking for user 28
2025-09-13 13:13:50,543 - INFO - Newsletter sequence completed. Total emails sent: 8
2025-09-14 13:15:03,123 - INFO - Starting newsletter email sequence...
2025-09-14 13:15:03,134 - INFO - Processing 8 users for day2 emails
2025-09-14 13:15:03,471 - INFO - Successfully sent day2 email to anderson.re33@yahoo.com
2025-09-14 13:15:03,483 - INFO - Updated day2_sent tracking for user 46
2025-09-14 13:15:04,281 - INFO - Successfully sent day2 email to rjones983@gmail.com
2025-09-14 13:15:04,292 - INFO - Updated day2_sent tracking for user 47
2025-09-14 13:15:05,117 - INFO - Successfully sent day2 email to wise.deb@comcast.net
2025-09-14 13:15:05,133 - INFO - Updated day2_sent tracking for user 48
2025-09-14 13:15:05,927 - INFO - Successfully sent day2 email to marshallpeng@yahoo.com
2025-09-14 13:15:05,943 - INFO - Updated day2_sent tracking for user 49
2025-09-14 13:15:06,728 - INFO - Successfully sent day2 email to anthonyserravillo@gmail.com
2025-09-14 13:15:06,738 - INFO - Updated day2_sent tracking for user 50
2025-09-14 13:15:07,681 - INFO - Successfully sent day2 email to noah_m6449@icloud.com
2025-09-14 13:15:07,697 - INFO - Updated day2_sent tracking for user 51
2025-09-14 13:15:08,498 - INFO - Successfully sent day2 email to 12mg23@gmail.com
2025-09-14 13:15:08,509 - INFO - Updated day2_sent tracking for user 52
2025-09-14 13:15:09,301 - INFO - Successfully sent day2 email to furtiscool@googlemail.com
2025-09-14 13:15:09,314 - INFO - Updated day2_sent tracking for user 53
2025-09-14 13:15:09,815 - INFO - Processing 8 users for day4 emails
2025-09-14 13:15:10,057 - INFO - Successfully sent day4 email to leensert@gmail.com
2025-09-14 13:15:10,067 - INFO - Updated day4_sent tracking for user 38
2025-09-14 13:15:10,874 - INFO - Successfully sent day4 email to travispedwards@gmail.com
2025-09-14 13:15:10,889 - INFO - Updated day4_sent tracking for user 39
2025-09-14 13:15:11,689 - INFO - Successfully sent day4 email to musahassandengi@gmail.com
2025-09-14 13:15:11,705 - INFO - Updated day4_sent tracking for user 40
2025-09-14 13:15:12,509 - INFO - Successfully sent day4 email to hadrokatie@gmail.com
2025-09-14 13:15:12,518 - INFO - Updated day4_sent tracking for user 41
2025-09-14 13:15:13,305 - INFO - Successfully sent day4 email to ravlase77@gmail.com
2025-09-14 13:15:13,319 - INFO - Updated day4_sent tracking for user 34
2025-09-14 13:15:14,098 - INFO - Successfully sent day4 email to swc9700@gmail.com
2025-09-14 13:15:14,109 - INFO - Updated day4_sent tracking for user 35
2025-09-14 13:15:14,898 - INFO - Successfully sent day4 email to sam739300@gmail.com
2025-09-14 13:15:14,908 - INFO - Updated day4_sent tracking for user 36
2025-09-14 13:15:15,732 - INFO - Successfully sent day4 email to jayy@andrew.cmu.edu
2025-09-14 13:15:15,743 - INFO - Updated day4_sent tracking for user 37
2025-09-14 13:15:16,243 - INFO - Processing 2 users for day6 emails
2025-09-14 13:15:16,589 - INFO - Successfully sent day6 email to nowlifeisgolden@gmail.com
2025-09-14 13:15:16,599 - INFO - Updated day6_sent tracking for user 30
2025-09-14 13:15:17,418 - INFO - Successfully sent day6 email to aylaazzurahad@gmail.com
2025-09-14 13:15:17,432 - INFO - Updated day6_sent tracking for user 31
2025-09-14 13:15:17,932 - INFO - Newsletter sequence completed. Total emails sent: 18
2025-09-15 13:16:07,679 - INFO - Starting newsletter email sequence...
2025-09-15 13:16:07,688 - INFO - Processing 3 users for day2 emails
2025-09-15 13:16:08,040 - INFO - Successfully sent day2 email to kevin.okeefe37@gmail.com
2025-09-15 13:16:08,055 - INFO - Updated day2_sent tracking for user 54
2025-09-15 13:16:08,857 - INFO - Successfully sent day2 email to zcmosk@gmail.com
2025-09-15 13:16:08,873 - INFO - Updated day2_sent tracking for user 55
2025-09-15 13:16:09,638 - INFO - Successfully sent day2 email to ccowburn6@gmail.com
2025-09-15 13:16:09,648 - INFO - Updated day2_sent tracking for user 56
2025-09-15 13:16:10,149 - INFO - Processing 4 users for day4 emails
2025-09-15 13:16:10,437 - INFO - Successfully sent day4 email to mab8068@psu.edu
2025-09-15 13:16:10,448 - INFO - Updated day4_sent tracking for user 42
2025-09-15 13:16:11,269 - INFO - Successfully sent day4 email to shanetruenow@gmail.com
2025-09-15 13:16:11,286 - INFO - Updated day4_sent tracking for user 43
2025-09-15 13:16:12,061 - INFO - Successfully sent day4 email to lousus42@gmail.com
2025-09-15 13:16:12,073 - INFO - Updated day4_sent tracking for user 44
2025-09-15 13:16:12,890 - INFO - Successfully sent day4 email to ellecrisostomo2013@gmail.com
2025-09-15 13:16:12,900 - INFO - Updated day4_sent tracking for user 45
2025-09-15 13:16:13,401 - INFO - Processing 2 users for day6 emails
2025-09-15 13:16:13,703 - INFO - Successfully sent day6 email to lalithapriyasripathi@gmail.com
2025-09-15 13:16:13,714 - INFO - Updated day6_sent tracking for user 32
2025-09-15 13:16:14,531 - INFO - Successfully sent day6 email to alaminkabir1211@gmail.com
2025-09-15 13:16:14,541 - INFO - Updated day6_sent tracking for user 33
2025-09-15 13:16:15,041 - INFO - Newsletter sequence completed. Total emails sent: 9
2025-09-16 13:17:22,616 - INFO - Starting newsletter email sequence...
2025-09-16 13:17:22,628 - INFO - Processing 1 users for day2 emails
2025-09-16 13:17:23,262 - INFO - Successfully sent day2 email to col024@ucsd.edu
2025-09-16 13:17:23,280 - INFO - Updated day2_sent tracking for user 57
2025-09-16 13:17:23,780 - INFO - Processing 8 users for day4 emails
2025-09-16 13:17:24,071 - INFO - Successfully sent day4 email to anderson.re33@yahoo.com
2025-09-16 13:17:24,084 - INFO - Updated day4_sent tracking for user 46
2025-09-16 13:17:24,891 - INFO - Successfully sent day4 email to rjones983@gmail.com
2025-09-16 13:17:24,902 - INFO - Updated day4_sent tracking for user 47
2025-09-16 13:17:25,687 - INFO - Successfully sent day4 email to wise.deb@comcast.net
2025-09-16 13:17:25,697 - INFO - Updated day4_sent tracking for user 48
2025-09-16 13:17:26,482 - INFO - Successfully sent day4 email to marshallpeng@yahoo.com
2025-09-16 13:17:26,498 - INFO - Updated day4_sent tracking for user 49
2025-09-16 13:17:27,332 - INFO - Successfully sent day4 email to anthonyserravillo@gmail.com
2025-09-16 13:17:27,347 - INFO - Updated day4_sent tracking for user 50
2025-09-16 13:17:28,157 - INFO - Successfully sent day4 email to noah_m6449@icloud.com
2025-09-16 13:17:28,169 - INFO - Updated day4_sent tracking for user 51
2025-09-16 13:17:29,043 - INFO - Successfully sent day4 email to 12mg23@gmail.com
2025-09-16 13:17:29,059 - INFO - Updated day4_sent tracking for user 52
2025-09-16 13:17:29,861 - INFO - Successfully sent day4 email to furtiscool@googlemail.com
2025-09-16 13:17:29,876 - INFO - Updated day4_sent tracking for user 53
2025-09-16 13:17:30,376 - INFO - Processing 8 users for day6 emails
2025-09-16 13:17:30,692 - INFO - Successfully sent day6 email to travispedwards@gmail.com
2025-09-16 13:17:30,708 - INFO - Updated day6_sent tracking for user 39
2025-09-16 13:17:31,523 - INFO - Successfully sent day6 email to hadrokatie@gmail.com
2025-09-16 13:17:31,539 - INFO - Updated day6_sent tracking for user 41
2025-09-16 13:17:32,464 - INFO - Successfully sent day6 email to ravlase77@gmail.com
2025-09-16 13:17:32,473 - INFO - Updated day6_sent tracking for user 34
2025-09-16 13:17:33,543 - INFO - Successfully sent day6 email to swc9700@gmail.com
2025-09-16 13:17:33,552 - INFO - Updated day6_sent tracking for user 35
2025-09-16 13:17:34,357 - INFO - Successfully sent day6 email to sam739300@gmail.com
2025-09-16 13:17:34,373 - INFO - Updated day6_sent tracking for user 36
2025-09-16 13:17:35,164 - INFO - Successfully sent day6 email to jayy@andrew.cmu.edu
2025-09-16 13:17:35,183 - INFO - Updated day6_sent tracking for user 37
2025-09-16 13:17:35,957 - INFO - Successfully sent day6 email to leensert@gmail.com
2025-09-16 13:17:35,968 - INFO - Updated day6_sent tracking for user 38
2025-09-16 13:17:36,750 - INFO - Successfully sent day6 email to musahassandengi@gmail.com
2025-09-16 13:17:36,765 - INFO - Updated day6_sent tracking for user 40
2025-09-16 13:17:37,265 - INFO - Newsletter sequence completed. Total emails sent: 17
2025-09-17 13:15:12,008 - INFO - Starting newsletter email sequence...
2025-09-17 13:15:12,019 - INFO - Processing 2 users for day2 emails
2025-09-17 13:15:12,314 - INFO - Successfully sent day2 email to addisonrrichardson18@gmail.com
2025-09-17 13:15:12,331 - INFO - Updated day2_sent tracking for user 58
2025-09-17 13:15:13,153 - INFO - Successfully sent day2 email to gmodesitt@charter.net
2025-09-17 13:15:13,169 - INFO - Updated day2_sent tracking for user 59
2025-09-17 13:15:13,670 - INFO - Processing 3 users for day4 emails
2025-09-17 13:15:13,979 - INFO - Successfully sent day4 email to kevin.okeefe37@gmail.com
2025-09-17 13:15:13,992 - INFO - Updated day4_sent tracking for user 54
2025-09-17 13:15:14,815 - INFO - Successfully sent day4 email to zcmosk@gmail.com
2025-09-17 13:15:14,825 - INFO - Updated day4_sent tracking for user 55
2025-09-17 13:15:15,610 - INFO - Successfully sent day4 email to ccowburn6@gmail.com
2025-09-17 13:15:15,627 - INFO - Updated day4_sent tracking for user 56
2025-09-17 13:15:16,128 - INFO - Processing 4 users for day6 emails
2025-09-17 13:15:16,446 - INFO - Successfully sent day6 email to shanetruenow@gmail.com
2025-09-17 13:15:16,463 - INFO - Updated day6_sent tracking for user 43
2025-09-17 13:15:17,258 - INFO - Successfully sent day6 email to lousus42@gmail.com
2025-09-17 13:15:17,275 - INFO - Updated day6_sent tracking for user 44
2025-09-17 13:15:18,082 - INFO - Successfully sent day6 email to ellecrisostomo2013@gmail.com
2025-09-17 13:15:18,091 - INFO - Updated day6_sent tracking for user 45
2025-09-17 13:15:18,892 - INFO - Successfully sent day6 email to mab8068@psu.edu
2025-09-17 13:15:18,908 - INFO - Updated day6_sent tracking for user 42
2025-09-17 13:15:19,409 - INFO - Newsletter sequence completed. Total emails sent: 9
2025-09-18 13:14:39,133 - INFO - Starting newsletter email sequence...
2025-09-18 13:14:39,147 - INFO - Processing 3 users for day2 emails
2025-09-18 13:14:39,487 - INFO - Successfully sent day2 email to rhileno@gmail.com
2025-09-18 13:14:39,505 - INFO - Updated day2_sent tracking for user 60
2025-09-18 13:14:40,253 - INFO - Successfully sent day2 email to davidolson@outlook.com
2025-09-18 13:14:40,267 - INFO - Updated day2_sent tracking for user 61
2025-09-18 13:14:41,052 - INFO - Successfully sent day2 email to talltejas2005@gmail.com
2025-09-18 13:14:41,068 - INFO - Updated day2_sent tracking for user 62
2025-09-18 13:14:41,569 - INFO - Processing 1 users for day4 emails
2025-09-18 13:14:41,916 - INFO - Successfully sent day4 email to col024@ucsd.edu
2025-09-18 13:14:41,934 - INFO - Updated day4_sent tracking for user 57
2025-09-18 13:14:42,434 - INFO - Processing 8 users for day6 emails
2025-09-18 13:14:42,693 - INFO - Successfully sent day6 email to rjones983@gmail.com
2025-09-18 13:14:42,710 - INFO - Updated day6_sent tracking for user 47
2025-09-18 13:14:43,554 - INFO - Successfully sent day6 email to wise.deb@comcast.net
2025-09-18 13:14:43,569 - INFO - Updated day6_sent tracking for user 48
2025-09-18 13:14:44,336 - INFO - Successfully sent day6 email to marshallpeng@yahoo.com
2025-09-18 13:14:44,351 - INFO - Updated day6_sent tracking for user 49
2025-09-18 13:14:45,161 - INFO - Successfully sent day6 email to anthonyserravillo@gmail.com
2025-09-18 13:14:45,176 - INFO - Updated day6_sent tracking for user 50
2025-09-18 13:14:45,952 - INFO - Successfully sent day6 email to noah_m6449@icloud.com
2025-09-18 13:14:45,967 - INFO - Updated day6_sent tracking for user 51
2025-09-18 13:14:46,754 - INFO - Successfully sent day6 email to 12mg23@gmail.com
2025-09-18 13:14:46,765 - INFO - Updated day6_sent tracking for user 52
2025-09-18 13:14:47,571 - INFO - Successfully sent day6 email to furtiscool@googlemail.com
2025-09-18 13:14:47,587 - INFO - Updated day6_sent tracking for user 53
2025-09-18 13:14:48,389 - INFO - Successfully sent day6 email to anderson.re33@yahoo.com
2025-09-18 13:14:48,402 - INFO - Updated day6_sent tracking for user 46
2025-09-18 13:14:48,902 - INFO - Newsletter sequence completed. Total emails sent: 12
2025-09-19 13:14:44,524 - INFO - Starting newsletter email sequence...
2025-09-19 13:14:44,534 - INFO - Processing 8 users for day2 emails
2025-09-19 13:14:44,973 - INFO - Successfully sent day2 email to aleklib@hotmail.es
2025-09-19 13:14:44,985 - INFO - Updated day2_sent tracking for user 63
2025-09-19 13:14:45,789 - INFO - Successfully sent day2 email to ralphhalabi1@yahoo.com
2025-09-19 13:14:45,800 - INFO - Updated day2_sent tracking for user 64
2025-09-19 13:14:46,569 - INFO - Successfully sent day2 email to sach.bijlani15@gmail.com
2025-09-19 13:14:46,581 - INFO - Updated day2_sent tracking for user 65
2025-09-19 13:14:47,384 - INFO - Successfully sent day2 email to nnekagross95@gmail.com
2025-09-19 13:14:47,396 - INFO - Updated day2_sent tracking for user 66
2025-09-19 13:14:48,223 - INFO - Successfully sent day2 email to georgekrug17@gmail.com
2025-09-19 13:14:48,233 - INFO - Updated day2_sent tracking for user 67
2025-09-19 13:14:49,012 - INFO - Successfully sent day2 email to ladenzach@gmail.com
2025-09-19 13:14:49,023 - INFO - Updated day2_sent tracking for user 68
2025-09-19 13:14:49,796 - INFO - Successfully sent day2 email to craigpatte@btinternet.com
2025-09-19 13:14:49,809 - INFO - Updated day2_sent tracking for user 69
2025-09-19 13:14:50,623 - INFO - Successfully sent day2 email to klymeris@gmail.com
2025-09-19 13:14:50,633 - INFO - Updated day2_sent tracking for user 70
2025-09-19 13:14:51,133 - INFO - Processing 2 users for day4 emails
2025-09-19 13:14:51,417 - INFO - Successfully sent day4 email to addisonrrichardson18@gmail.com
2025-09-19 13:14:51,429 - INFO - Updated day4_sent tracking for user 58
2025-09-19 13:14:52,186 - INFO - Successfully sent day4 email to gmodesitt@charter.net
2025-09-19 13:14:52,197 - INFO - Updated day4_sent tracking for user 59
2025-09-19 13:14:52,697 - INFO - Processing 3 users for day6 emails
2025-09-19 13:14:53,016 - INFO - Successfully sent day6 email to zcmosk@gmail.com
2025-09-19 13:14:53,026 - INFO - Updated day6_sent tracking for user 55
2025-09-19 13:14:53,833 - INFO - Successfully sent day6 email to ccowburn6@gmail.com
2025-09-19 13:14:53,843 - INFO - Updated day6_sent tracking for user 56
2025-09-19 13:14:54,803 - INFO - Successfully sent day6 email to kevin.okeefe37@gmail.com
2025-09-19 13:14:54,820 - INFO - Updated day6_sent tracking for user 54
2025-09-19 13:14:55,321 - INFO - Newsletter sequence completed. Total emails sent: 13
2025-09-20 13:14:27,838 - INFO - Starting newsletter email sequence...
2025-09-20 13:14:27,849 - INFO - Processing 4 users for day2 emails
2025-09-20 13:14:28,245 - INFO - Successfully sent day2 email to will.gittins@hotmail.com
2025-09-20 13:14:28,259 - INFO - Updated day2_sent tracking for user 71
2025-09-20 13:14:29,033 - INFO - Successfully sent day2 email to mikey@the-wolfs.com
2025-09-20 13:14:29,050 - INFO - Updated day2_sent tracking for user 72
2025-09-20 13:14:29,820 - INFO - Successfully sent day2 email to bthittle88@gmail.com
2025-09-20 13:14:29,830 - INFO - Updated day2_sent tracking for user 73
2025-09-20 13:14:30,622 - INFO - Successfully sent day2 email to minhduc191002@gmail.com
2025-09-20 13:14:30,633 - INFO - Updated day2_sent tracking for user 74
2025-09-20 13:14:31,133 - INFO - Processing 3 users for day4 emails
2025-09-20 13:14:31,419 - INFO - Successfully sent day4 email to rhileno@gmail.com
2025-09-20 13:14:31,429 - INFO - Updated day4_sent tracking for user 60
2025-09-20 13:14:32,231 - INFO - Successfully sent day4 email to davidolson@outlook.com
2025-09-20 13:14:32,244 - INFO - Updated day4_sent tracking for user 61
2025-09-20 13:14:33,008 - INFO - Successfully sent day4 email to talltejas2005@gmail.com
2025-09-20 13:14:33,024 - INFO - Updated day4_sent tracking for user 62
2025-09-20 13:14:33,524 - INFO - Processing 1 users for day6 emails
2025-09-20 13:14:33,787 - INFO - Successfully sent day6 email to col024@ucsd.edu
2025-09-20 13:14:33,804 - INFO - Updated day6_sent tracking for user 57
2025-09-20 13:14:34,304 - INFO - Newsletter sequence completed. Total emails sent: 8
2025-09-21 13:14:01,260 - INFO - Starting newsletter email sequence...
2025-09-21 13:14:01,269 - INFO - Processing 2 users for day2 emails
2025-09-21 13:14:01,684 - INFO - Successfully sent day2 email to rojoyoda13@gmail.com
2025-09-21 13:14:01,694 - INFO - Updated day2_sent tracking for user 75
2025-09-21 13:14:02,469 - INFO - Successfully sent day2 email to cgt3339@aol.com
2025-09-21 13:14:02,478 - INFO - Updated day2_sent tracking for user 76
2025-09-21 13:14:02,979 - INFO - Processing 8 users for day4 emails
2025-09-21 13:14:03,245 - INFO - Successfully sent day4 email to aleklib@hotmail.es
2025-09-21 13:14:03,261 - INFO - Updated day4_sent tracking for user 63
2025-09-21 13:14:04,102 - INFO - Successfully sent day4 email to ralphhalabi1@yahoo.com
2025-09-21 13:14:04,118 - INFO - Updated day4_sent tracking for user 64
2025-09-21 13:14:04,926 - INFO - Successfully sent day4 email to sach.bijlani15@gmail.com
2025-09-21 13:14:04,943 - INFO - Updated day4_sent tracking for user 65
2025-09-21 13:14:05,715 - INFO - Successfully sent day4 email to nnekagross95@gmail.com
2025-09-21 13:14:05,731 - INFO - Updated day4_sent tracking for user 66
2025-09-21 13:14:06,505 - INFO - Successfully sent day4 email to georgekrug17@gmail.com
2025-09-21 13:14:06,521 - INFO - Updated day4_sent tracking for user 67
2025-09-21 13:14:07,363 - INFO - Successfully sent day4 email to ladenzach@gmail.com
2025-09-21 13:14:07,381 - INFO - Updated day4_sent tracking for user 68
2025-09-21 13:14:08,203 - INFO - Successfully sent day4 email to craigpatte@btinternet.com
2025-09-21 13:14:08,213 - INFO - Updated day4_sent tracking for user 69
2025-09-21 13:14:09,437 - INFO - Successfully sent day4 email to klymeris@gmail.com
2025-09-21 13:14:09,451 - INFO - Updated day4_sent tracking for user 70
2025-09-21 13:14:09,952 - INFO - Processing 2 users for day6 emails
2025-09-21 13:14:10,245 - INFO - Successfully sent day6 email to gmodesitt@charter.net
2025-09-21 13:14:10,260 - INFO - Updated day6_sent tracking for user 59
2025-09-21 13:14:11,057 - INFO - Successfully sent day6 email to addisonrrichardson18@gmail.com
2025-09-21 13:14:11,067 - INFO - Updated day6_sent tracking for user 58
2025-09-21 13:14:11,568 - INFO - Newsletter sequence completed. Total emails sent: 12
2025-09-22 13:16:22,433 - INFO - Starting newsletter email sequence...
2025-09-22 13:16:22,444 - INFO - Processing 3 users for day2 emails
2025-09-22 13:16:22,751 - INFO - Successfully sent day2 email to chaz.roe12th@gmail.com
2025-09-22 13:16:22,766 - INFO - Updated day2_sent tracking for user 77
2025-09-22 13:16:23,548 - INFO - Successfully sent day2 email to maggie.s.pavao@gmail.com
2025-09-22 13:16:23,566 - INFO - Updated day2_sent tracking for user 78
2025-09-22 13:16:24,342 - INFO - Successfully sent day2 email to tiagoamg@gmail.com
2025-09-22 13:16:24,359 - INFO - Updated day2_sent tracking for user 79
2025-09-22 13:16:24,860 - INFO - Processing 4 users for day4 emails
2025-09-22 13:16:25,176 - INFO - Successfully sent day4 email to will.gittins@hotmail.com
2025-09-22 13:16:25,193 - INFO - Updated day4_sent tracking for user 71
2025-09-22 13:16:25,973 - INFO - Successfully sent day4 email to mikey@the-wolfs.com
2025-09-22 13:16:25,985 - INFO - Updated day4_sent tracking for user 72
2025-09-22 13:16:26,748 - INFO - Successfully sent day4 email to bthittle88@gmail.com
2025-09-22 13:16:26,758 - INFO - Updated day4_sent tracking for user 73
2025-09-22 13:16:27,571 - INFO - Successfully sent day4 email to minhduc191002@gmail.com
2025-09-22 13:16:27,587 - INFO - Updated day4_sent tracking for user 74
2025-09-22 13:16:28,088 - INFO - Processing 3 users for day6 emails
2025-09-22 13:16:28,606 - INFO - Successfully sent day6 email to davidolson@outlook.com
2025-09-22 13:16:28,616 - INFO - Updated day6_sent tracking for user 61
2025-09-22 13:16:29,420 - INFO - Successfully sent day6 email to rhileno@gmail.com
2025-09-22 13:16:29,436 - INFO - Updated day6_sent tracking for user 60
2025-09-22 13:16:30,233 - INFO - Successfully sent day6 email to talltejas2005@gmail.com
2025-09-22 13:16:30,250 - INFO - Updated day6_sent tracking for user 62
2025-09-22 13:16:30,750 - INFO - Newsletter sequence completed. Total emails sent: 10
2025-09-23 13:14:48,612 - INFO - Starting newsletter email sequence...
2025-09-23 13:14:48,622 - INFO - Processing 5 users for day2 emails
2025-09-23 13:14:49,007 - INFO - Successfully sent day2 email to matthewstanaland@gmail.com
2025-09-23 13:14:49,017 - INFO - Updated day2_sent tracking for user 80
2025-09-23 13:14:49,821 - INFO - Successfully sent day2 email to margaret.cunniff@gmail.com
2025-09-23 13:14:49,837 - INFO - Updated day2_sent tracking for user 81
2025-09-23 13:14:50,641 - INFO - Successfully sent day2 email to zinker.d24@gmail.com
2025-09-23 13:14:50,657 - INFO - Updated day2_sent tracking for user 82
2025-09-23 13:14:51,449 - INFO - Successfully sent day2 email to saniibrahimdisina2@gmail.com
2025-09-23 13:14:51,465 - INFO - Updated day2_sent tracking for user 83
2025-09-23 13:14:52,329 - INFO - Successfully sent day2 email to thembs1981@gmail.com
2025-09-23 13:14:52,348 - INFO - Updated day2_sent tracking for user 84
2025-09-23 13:14:52,848 - INFO - Processing 2 users for day4 emails
2025-09-23 13:14:53,140 - INFO - Successfully sent day4 email to rojoyoda13@gmail.com
2025-09-23 13:14:53,150 - INFO - Updated day4_sent tracking for user 75
2025-09-23 13:14:53,948 - INFO - Successfully sent day4 email to cgt3339@aol.com
2025-09-23 13:14:53,960 - INFO - Updated day4_sent tracking for user 76
2025-09-23 13:14:54,460 - INFO - Processing 8 users for day6 emails
2025-09-23 13:14:54,739 - INFO - Successfully sent day6 email to aleklib@hotmail.es
2025-09-23 13:14:54,749 - INFO - Updated day6_sent tracking for user 63
2025-09-23 13:14:55,537 - INFO - Successfully sent day6 email to ralphhalabi1@yahoo.com
2025-09-23 13:14:55,548 - INFO - Updated day6_sent tracking for user 64
2025-09-23 13:14:56,372 - INFO - Successfully sent day6 email to sach.bijlani15@gmail.com
2025-09-23 13:14:56,382 - INFO - Updated day6_sent tracking for user 65
2025-09-23 13:14:57,156 - INFO - Successfully sent day6 email to nnekagross95@gmail.com
2025-09-23 13:14:57,169 - INFO - Updated day6_sent tracking for user 66
2025-09-23 13:14:57,985 - INFO - Successfully sent day6 email to georgekrug17@gmail.com
2025-09-23 13:14:58,001 - INFO - Updated day6_sent tracking for user 67
2025-09-23 13:14:58,792 - INFO - Successfully sent day6 email to ladenzach@gmail.com
2025-09-23 13:14:58,808 - INFO - Updated day6_sent tracking for user 68
2025-09-23 13:14:59,616 - INFO - Successfully sent day6 email to craigpatte@btinternet.com
2025-09-23 13:14:59,633 - INFO - Updated day6_sent tracking for user 69
2025-09-23 13:15:00,431 - INFO - Successfully sent day6 email to klymeris@gmail.com
2025-09-23 13:15:00,445 - INFO - Updated day6_sent tracking for user 70
2025-09-23 13:15:00,945 - INFO - Newsletter sequence completed. Total emails sent: 15
2025-09-24 13:17:06,429 - INFO - Starting newsletter email sequence...
2025-09-24 13:17:06,443 - INFO - Processing 3 users for day2 emails
2025-09-24 13:17:06,806 - INFO - Successfully sent day2 email to mp_9518@live.com
2025-09-24 13:17:06,818 - INFO - Updated day2_sent tracking for user 85
2025-09-24 13:17:07,579 - INFO - Successfully sent day2 email to bbragg1@umd.edu
2025-09-24 13:17:07,589 - INFO - Updated day2_sent tracking for user 86
2025-09-24 13:17:08,491 - INFO - Successfully sent day2 email to yingrui.hou@outlook.com
2025-09-24 13:17:08,508 - INFO - Updated day2_sent tracking for user 87
2025-09-24 13:17:09,009 - INFO - Processing 3 users for day4 emails
2025-09-24 13:17:09,306 - INFO - Successfully sent day4 email to chaz.roe12th@gmail.com
2025-09-24 13:17:09,321 - INFO - Updated day4_sent tracking for user 77
2025-09-24 13:17:10,096 - INFO - Successfully sent day4 email to maggie.s.pavao@gmail.com
2025-09-24 13:17:10,106 - INFO - Updated day4_sent tracking for user 78
2025-09-24 13:17:10,889 - INFO - Successfully sent day4 email to tiagoamg@gmail.com
2025-09-24 13:17:10,899 - INFO - Updated day4_sent tracking for user 79
2025-09-24 13:17:11,400 - INFO - Processing 4 users for day6 emails
2025-09-24 13:17:11,733 - INFO - Successfully sent day6 email to will.gittins@hotmail.com
2025-09-24 13:17:11,744 - INFO - Updated day6_sent tracking for user 71
2025-09-24 13:17:12,560 - INFO - Successfully sent day6 email to mikey@the-wolfs.com
2025-09-24 13:17:12,575 - INFO - Updated day6_sent tracking for user 72
2025-09-24 13:17:13,369 - INFO - Successfully sent day6 email to bthittle88@gmail.com
2025-09-24 13:17:13,385 - INFO - Updated day6_sent tracking for user 73
2025-09-24 13:17:14,174 - INFO - Successfully sent day6 email to minhduc191002@gmail.com
2025-09-24 13:17:14,189 - INFO - Updated day6_sent tracking for user 74
2025-09-24 13:17:14,690 - INFO - Newsletter sequence completed. Total emails sent: 10
2025-09-25 13:15:46,233 - INFO - Starting newsletter email sequence...
2025-09-25 13:15:46,247 - INFO - Processing 8 users for day2 emails
2025-09-25 13:15:46,588 - INFO - Successfully sent day2 email to rbrunker07@gmail.com
2025-09-25 13:15:46,603 - INFO - Updated day2_sent tracking for user 88
2025-09-25 13:15:47,361 - INFO - Successfully sent day2 email to j.b.smoove1209@gmail.com
2025-09-25 13:15:47,372 - INFO - Updated day2_sent tracking for user 89
2025-09-25 13:15:48,443 - INFO - Successfully sent day2 email to gonzalo03c@gmail.com
2025-09-25 13:15:48,453 - INFO - Updated day2_sent tracking for user 90
2025-09-25 13:15:49,471 - INFO - Successfully sent day2 email to remory@okstate.edu
2025-09-25 13:15:49,482 - INFO - Updated day2_sent tracking for user 91
2025-09-25 13:15:50,276 - INFO - Successfully sent day2 email to heblair46@gmail.com
2025-09-25 13:15:50,288 - INFO - Updated day2_sent tracking for user 92
2025-09-25 13:15:51,057 - INFO - Successfully sent day2 email to keyseanamison22@gmail.com
2025-09-25 13:15:51,068 - INFO - Updated day2_sent tracking for user 93
2025-09-25 13:15:51,865 - INFO - Successfully sent day2 email to nachocastilla5@gmail.com
2025-09-25 13:15:51,874 - INFO - Updated day2_sent tracking for user 94
2025-09-25 13:15:52,748 - INFO - Successfully sent day2 email to ibrownstrategenassociates@gmail.com
2025-09-25 13:15:52,760 - INFO - Updated day2_sent tracking for user 95
2025-09-25 13:15:53,261 - INFO - Processing 5 users for day4 emails
2025-09-25 13:15:53,538 - INFO - Successfully sent day4 email to matthewstanaland@gmail.com
2025-09-25 13:15:53,555 - INFO - Updated day4_sent tracking for user 80
2025-09-25 13:15:54,329 - INFO - Successfully sent day4 email to margaret.cunniff@gmail.com
2025-09-25 13:15:54,345 - INFO - Updated day4_sent tracking for user 81
2025-09-25 13:15:55,139 - INFO - Successfully sent day4 email to zinker.d24@gmail.com
2025-09-25 13:15:55,156 - INFO - Updated day4_sent tracking for user 82
2025-09-25 13:15:55,973 - INFO - Successfully sent day4 email to saniibrahimdisina2@gmail.com
2025-09-25 13:15:55,990 - INFO - Updated day4_sent tracking for user 83
2025-09-25 13:15:56,730 - INFO - Successfully sent day4 email to thembs1981@gmail.com
2025-09-25 13:15:56,747 - INFO - Updated day4_sent tracking for user 84
2025-09-25 13:15:57,247 - INFO - Processing 2 users for day6 emails
2025-09-25 13:15:57,809 - INFO - Successfully sent day6 email to rojoyoda13@gmail.com
2025-09-25 13:15:57,825 - INFO - Updated day6_sent tracking for user 75
2025-09-25 13:15:58,575 - INFO - Successfully sent day6 email to cgt3339@aol.com
2025-09-25 13:15:58,592 - INFO - Updated day6_sent tracking for user 76
2025-09-25 13:15:59,093 - INFO - Newsletter sequence completed. Total emails sent: 15
2025-09-26 13:14:43,278 - INFO - Starting newsletter email sequence...
2025-09-26 13:14:43,292 - INFO - Processing 9 users for day2 emails
2025-09-26 13:14:43,811 - INFO - Successfully sent day2 email to mommodumele@gmail.com
2025-09-26 13:14:43,824 - INFO - Updated day2_sent tracking for user 96
2025-09-26 13:14:44,572 - INFO - Successfully sent day2 email to agsmarr@udel.edu
2025-09-26 13:14:44,582 - INFO - Updated day2_sent tracking for user 97
2025-09-26 13:14:45,373 - INFO - Successfully sent day2 email to tomad101@gmail.com
2025-09-26 13:14:45,383 - INFO - Updated day2_sent tracking for user 98
2025-09-26 13:14:46,154 - INFO - Successfully sent day2 email to abariabdullahi90@gmail.com
2025-09-26 13:14:46,165 - INFO - Updated day2_sent tracking for user 99
2025-09-26 13:14:46,908 - INFO - Successfully sent day2 email to jeremiahabraham792@gmail.com
2025-09-26 13:14:46,924 - INFO - Updated day2_sent tracking for user 100
2025-09-26 13:14:47,712 - INFO - Successfully sent day2 email to hassanrashee85@gmail.com
2025-09-26 13:14:47,721 - INFO - Updated day2_sent tracking for user 101
2025-09-26 13:14:48,544 - INFO - Successfully sent day2 email to ericpereira11@gmail.com
2025-09-26 13:14:48,563 - INFO - Updated day2_sent tracking for user 102
2025-09-26 13:14:49,333 - INFO - Successfully sent day2 email to ashermeron@college.harvard.edu
2025-09-26 13:14:49,344 - INFO - Updated day2_sent tracking for user 103
2025-09-26 13:14:50,093 - INFO - Successfully sent day2 email to hbelton@chicagobooth.edu
2025-09-26 13:14:50,104 - INFO - Updated day2_sent tracking for user 104
2025-09-26 13:14:50,604 - INFO - Processing 3 users for day4 emails
2025-09-26 13:14:50,846 - INFO - Successfully sent day4 email to mp_9518@live.com
2025-09-26 13:14:50,857 - INFO - Updated day4_sent tracking for user 85
2025-09-26 13:14:51,854 - INFO - Successfully sent day4 email to bbragg1@umd.edu
2025-09-26 13:14:51,865 - INFO - Updated day4_sent tracking for user 86
2025-09-26 13:14:52,628 - INFO - Successfully sent day4 email to yingrui.hou@outlook.com
2025-09-26 13:14:52,638 - INFO - Updated day4_sent tracking for user 87
2025-09-26 13:14:53,139 - INFO - Processing 3 users for day6 emails
2025-09-26 13:14:53,392 - INFO - Successfully sent day6 email to chaz.roe12th@gmail.com
2025-09-26 13:14:53,404 - INFO - Updated day6_sent tracking for user 77
2025-09-26 13:14:54,150 - INFO - Successfully sent day6 email to maggie.s.pavao@gmail.com
2025-09-26 13:14:54,160 - INFO - Updated day6_sent tracking for user 78
2025-09-26 13:14:54,924 - INFO - Successfully sent day6 email to tiagoamg@gmail.com
2025-09-26 13:14:54,934 - INFO - Updated day6_sent tracking for user 79
2025-09-26 13:14:55,434 - INFO - Newsletter sequence completed. Total emails sent: 15
2025-09-27 13:15:02,905 - INFO - Starting newsletter email sequence...
2025-09-27 13:15:02,914 - INFO - Processing 3 users for day2 emails
2025-09-27 13:15:03,255 - INFO - Successfully sent day2 email to chloe1220@hotmail.co.uk
2025-09-27 13:15:03,266 - INFO - Updated day2_sent tracking for user 105
2025-09-27 13:15:03,998 - INFO - Successfully sent day2 email to gavinparnaby@gmail.com
2025-09-27 13:15:04,011 - INFO - Updated day2_sent tracking for user 106
2025-09-27 13:15:04,772 - INFO - Successfully sent day2 email to dillonwheeler312@gmail.com
2025-09-27 13:15:04,789 - INFO - Updated day2_sent tracking for user 107
2025-09-27 13:15:05,290 - INFO - Processing 8 users for day4 emails
2025-09-27 13:15:05,545 - INFO - Successfully sent day4 email to rbrunker07@gmail.com
2025-09-27 13:15:05,555 - INFO - Updated day4_sent tracking for user 88
2025-09-27 13:15:06,319 - INFO - Successfully sent day4 email to j.b.smoove1209@gmail.com
2025-09-27 13:15:06,329 - INFO - Updated day4_sent tracking for user 89
2025-09-27 13:15:07,088 - INFO - Successfully sent day4 email to gonzalo03c@gmail.com
2025-09-27 13:15:07,098 - INFO - Updated day4_sent tracking for user 90
2025-09-27 13:15:07,924 - INFO - Successfully sent day4 email to remory@okstate.edu
2025-09-27 13:15:07,941 - INFO - Updated day4_sent tracking for user 91
2025-09-27 13:15:08,687 - INFO - Successfully sent day4 email to heblair46@gmail.com
2025-09-27 13:15:08,699 - INFO - Updated day4_sent tracking for user 92
2025-09-27 13:15:09,478 - INFO - Successfully sent day4 email to keyseanamison22@gmail.com
2025-09-27 13:15:09,495 - INFO - Updated day4_sent tracking for user 93
2025-09-27 13:15:10,243 - INFO - Successfully sent day4 email to nachocastilla5@gmail.com
2025-09-27 13:15:10,254 - INFO - Updated day4_sent tracking for user 94
2025-09-27 13:15:11,090 - INFO - Successfully sent day4 email to ibrownstrategenassociates@gmail.com
2025-09-27 13:15:11,100 - INFO - Updated day4_sent tracking for user 95
2025-09-27 13:15:11,600 - INFO - Processing 5 users for day6 emails
2025-09-27 13:15:11,878 - INFO - Successfully sent day6 email to matthewstanaland@gmail.com
2025-09-27 13:15:11,890 - INFO - Updated day6_sent tracking for user 80
2025-09-27 13:15:12,654 - INFO - Successfully sent day6 email to margaret.cunniff@gmail.com
2025-09-27 13:15:12,664 - INFO - Updated day6_sent tracking for user 81
2025-09-27 13:15:13,557 - INFO - Successfully sent day6 email to zinker.d24@gmail.com
2025-09-27 13:15:13,578 - INFO - Updated day6_sent tracking for user 82
2025-09-27 13:15:14,402 - INFO - Successfully sent day6 email to saniibrahimdisina2@gmail.com
2025-09-27 13:15:14,422 - INFO - Updated day6_sent tracking for user 83
2025-09-27 13:15:15,154 - INFO - Successfully sent day6 email to thembs1981@gmail.com
2025-09-27 13:15:15,164 - INFO - Updated day6_sent tracking for user 84
2025-09-27 13:15:15,665 - INFO - Newsletter sequence completed. Total emails sent: 16
2025-09-28 13:14:17,660 - INFO - Starting newsletter email sequence...
2025-09-28 13:14:17,670 - INFO - Processing 5 users for day2 emails
2025-09-28 13:14:17,945 - INFO - Successfully sent day2 email to gavincheung2005@gmail.com
2025-09-28 13:14:17,956 - INFO - Updated day2_sent tracking for user 108
2025-09-28 13:14:18,697 - INFO - Successfully sent day2 email to jacobdevage@yahoo.com
2025-09-28 13:14:18,713 - INFO - Updated day2_sent tracking for user 109
2025-09-28 13:14:19,471 - INFO - Successfully sent day2 email to sjm459@scarletmail.rutgers.edu
2025-09-28 13:14:19,481 - INFO - Updated day2_sent tracking for user 110
2025-09-28 13:14:20,234 - INFO - Successfully sent day2 email to alexgonzo33@gmail.com
2025-09-28 13:14:20,246 - INFO - Updated day2_sent tracking for user 111
2025-09-28 13:14:21,053 - INFO - Successfully sent day2 email to nathanielsam@outlook.com
2025-09-28 13:14:21,063 - INFO - Updated day2_sent tracking for user 112
2025-09-28 13:14:21,564 - INFO - Processing 9 users for day4 emails
2025-09-28 13:14:21,792 - INFO - Successfully sent day4 email to agsmarr@udel.edu
2025-09-28 13:14:21,809 - INFO - Updated day4_sent tracking for user 97
2025-09-28 13:14:22,584 - INFO - Successfully sent day4 email to tomad101@gmail.com
2025-09-28 13:14:22,594 - INFO - Updated day4_sent tracking for user 98
2025-09-28 13:14:23,412 - INFO - Successfully sent day4 email to abariabdullahi90@gmail.com
2025-09-28 13:14:23,422 - INFO - Updated day4_sent tracking for user 99
2025-09-28 13:14:24,191 - INFO - Successfully sent day4 email to jeremiahabraham792@gmail.com
2025-09-28 13:14:24,200 - INFO - Updated day4_sent tracking for user 100
2025-09-28 13:14:24,966 - INFO - Successfully sent day4 email to hassanrashee85@gmail.com
2025-09-28 13:14:24,983 - INFO - Updated day4_sent tracking for user 101
2025-09-28 13:14:25,777 - INFO - Successfully sent day4 email to ericpereira11@gmail.com
2025-09-28 13:14:25,790 - INFO - Updated day4_sent tracking for user 102
2025-09-28 13:14:26,564 - INFO - Successfully sent day4 email to ashermeron@college.harvard.edu
2025-09-28 13:14:26,573 - INFO - Updated day4_sent tracking for user 103
2025-09-28 13:14:27,358 - INFO - Successfully sent day4 email to mommodumele@gmail.com
2025-09-28 13:14:27,374 - INFO - Updated day4_sent tracking for user 96
2025-09-28 13:14:28,173 - INFO - Successfully sent day4 email to hbelton@chicagobooth.edu
2025-09-28 13:14:28,189 - INFO - Updated day4_sent tracking for user 104
2025-09-28 13:14:28,689 - INFO - Processing 3 users for day6 emails
2025-09-28 13:14:28,948 - INFO - Successfully sent day6 email to mp_9518@live.com
2025-09-28 13:14:28,959 - INFO - Updated day6_sent tracking for user 85
2025-09-28 13:14:29,730 - INFO - Successfully sent day6 email to bbragg1@umd.edu
2025-09-28 13:14:29,748 - INFO - Updated day6_sent tracking for user 86
2025-09-28 13:14:30,484 - INFO - Successfully sent day6 email to yingrui.hou@outlook.com
2025-09-28 13:14:30,500 - INFO - Updated day6_sent tracking for user 87
2025-09-28 13:14:31,001 - INFO - Newsletter sequence completed. Total emails sent: 17
2025-09-29 13:16:23,676 - INFO - Starting newsletter email sequence...
2025-09-29 13:16:23,688 - INFO - Processing 2 users for day2 emails
2025-09-29 13:16:23,963 - INFO - Successfully sent day2 email to yracesar@gmail.com
2025-09-29 13:16:23,975 - INFO - Updated day2_sent tracking for user 114
2025-09-29 13:16:24,728 - INFO - Successfully sent day2 email to 19andrewc@gmail.com
2025-09-29 13:16:24,738 - INFO - Updated day2_sent tracking for user 113
2025-09-29 13:16:25,239 - INFO - Processing 3 users for day4 emails
2025-09-29 13:16:25,483 - INFO - Successfully sent day4 email to chloe1220@hotmail.co.uk
2025-09-29 13:16:25,493 - INFO - Updated day4_sent tracking for user 105
2025-09-29 13:16:26,300 - INFO - Successfully sent day4 email to gavinparnaby@gmail.com
2025-09-29 13:16:26,314 - INFO - Updated day4_sent tracking for user 106
2025-09-29 13:16:27,085 - INFO - Successfully sent day4 email to dillonwheeler312@gmail.com
2025-09-29 13:16:27,095 - INFO - Updated day4_sent tracking for user 107
2025-09-29 13:16:27,595 - INFO - Processing 8 users for day6 emails
2025-09-29 13:16:27,901 - INFO - Successfully sent day6 email to rbrunker07@gmail.com
2025-09-29 13:16:27,918 - INFO - Updated day6_sent tracking for user 88
2025-09-29 13:16:28,747 - INFO - Successfully sent day6 email to j.b.smoove1209@gmail.com
2025-09-29 13:16:28,764 - INFO - Updated day6_sent tracking for user 89
2025-09-29 13:16:29,636 - INFO - Successfully sent day6 email to gonzalo03c@gmail.com
2025-09-29 13:16:29,652 - INFO - Updated day6_sent tracking for user 90
2025-09-29 13:16:30,484 - INFO - Successfully sent day6 email to remory@okstate.edu
2025-09-29 13:16:30,502 - INFO - Updated day6_sent tracking for user 91
2025-09-29 13:16:31,313 - INFO - Successfully sent day6 email to ibrownstrategenassociates@gmail.com
2025-09-29 13:16:31,329 - INFO - Updated day6_sent tracking for user 95
2025-09-29 13:16:32,103 - INFO - Successfully sent day6 email to heblair46@gmail.com
2025-09-29 13:16:32,115 - INFO - Updated day6_sent tracking for user 92
2025-09-29 13:16:32,866 - INFO - Successfully sent day6 email to keyseanamison22@gmail.com
2025-09-29 13:16:32,877 - INFO - Updated day6_sent tracking for user 93
2025-09-29 13:16:33,624 - INFO - Successfully sent day6 email to nachocastilla5@gmail.com
2025-09-29 13:16:33,635 - INFO - Updated day6_sent tracking for user 94
2025-09-29 13:16:34,136 - INFO - Newsletter sequence completed. Total emails sent: 13
2025-09-30 13:19:00,150 - INFO - Starting newsletter email sequence...
2025-09-30 13:19:00,160 - INFO - Processing 1 users for day2 emails
2025-09-30 13:19:00,498 - INFO - Successfully sent day2 email to lauraperezgarcia3@gmail.com
2025-09-30 13:19:00,510 - INFO - Updated day2_sent tracking for user 115
2025-09-30 13:19:01,010 - INFO - Processing 5 users for day4 emails
2025-09-30 13:19:01,295 - INFO - Successfully sent day4 email to jacobdevage@yahoo.com
2025-09-30 13:19:01,306 - INFO - Updated day4_sent tracking for user 109
2025-09-30 13:19:02,101 - INFO - Successfully sent day4 email to sjm459@scarletmail.rutgers.edu
2025-09-30 13:19:02,112 - INFO - Updated day4_sent tracking for user 110
2025-09-30 13:19:02,868 - INFO - Successfully sent day4 email to gavincheung2005@gmail.com
2025-09-30 13:19:02,878 - INFO - Updated day4_sent tracking for user 108
2025-09-30 13:19:03,660 - INFO - Successfully sent day4 email to alexgonzo33@gmail.com
2025-09-30 13:19:03,671 - INFO - Updated day4_sent tracking for user 111
2025-09-30 13:19:04,413 - INFO - Successfully sent day4 email to nathanielsam@outlook.com
2025-09-30 13:19:04,424 - INFO - Updated day4_sent tracking for user 112
2025-09-30 13:19:04,924 - INFO - Processing 9 users for day6 emails
2025-09-30 13:19:05,213 - INFO - Successfully sent day6 email to abariabdullahi90@gmail.com
2025-09-30 13:19:05,228 - INFO - Updated day6_sent tracking for user 99
2025-09-30 13:19:05,990 - INFO - Successfully sent day6 email to jeremiahabraham792@gmail.com
2025-09-30 13:19:06,002 - INFO - Updated day6_sent tracking for user 100
2025-09-30 13:19:06,786 - INFO - Successfully sent day6 email to hassanrashee85@gmail.com
2025-09-30 13:19:06,796 - INFO - Updated day6_sent tracking for user 101
2025-09-30 13:19:07,574 - INFO - Successfully sent day6 email to ericpereira11@gmail.com
2025-09-30 13:19:07,584 - INFO - Updated day6_sent tracking for user 102
2025-09-30 13:19:08,434 - INFO - Successfully sent day6 email to ashermeron@college.harvard.edu
2025-09-30 13:19:08,443 - INFO - Updated day6_sent tracking for user 103
2025-09-30 13:19:09,205 - INFO - Successfully sent day6 email to mommodumele@gmail.com
2025-09-30 13:19:09,216 - INFO - Updated day6_sent tracking for user 96
2025-09-30 13:19:09,989 - INFO - Successfully sent day6 email to hbelton@chicagobooth.edu
2025-09-30 13:19:10,000 - INFO - Updated day6_sent tracking for user 104
2025-09-30 13:19:10,800 - INFO - Successfully sent day6 email to agsmarr@udel.edu
2025-09-30 13:19:10,810 - INFO - Updated day6_sent tracking for user 97
2025-09-30 13:19:11,860 - INFO - Successfully sent day6 email to tomad101@gmail.com
2025-09-30 13:19:11,871 - INFO - Updated day6_sent tracking for user 98
2025-09-30 13:19:12,372 - INFO - Newsletter sequence completed. Total emails sent: 15
2025-10-01 13:17:17,010 - INFO - Starting newsletter email sequence...
2025-10-01 13:17:17,020 - INFO - Processing 3 users for day2 emails
2025-10-01 13:17:17,328 - INFO - Successfully sent day2 email to josalani@gmail.com
2025-10-01 13:17:17,339 - INFO - Updated day2_sent tracking for user 116
2025-10-01 13:17:18,107 - INFO - Successfully sent day2 email to turner.michael923@gmail.com
2025-10-01 13:17:18,120 - INFO - Updated day2_sent tracking for user 117
2025-10-01 13:17:18,902 - INFO - Successfully sent day2 email to jameskolar33@gmail.com
2025-10-01 13:17:18,919 - INFO - Updated day2_sent tracking for user 118
2025-10-01 13:17:19,420 - INFO - Processing 2 users for day4 emails
2025-10-01 13:17:19,702 - INFO - Successfully sent day4 email to yracesar@gmail.com
2025-10-01 13:17:19,717 - INFO - Updated day4_sent tracking for user 114
2025-10-01 13:17:20,519 - INFO - Successfully sent day4 email to 19andrewc@gmail.com
2025-10-01 13:17:20,536 - INFO - Updated day4_sent tracking for user 113
2025-10-01 13:17:21,036 - INFO - Processing 3 users for day6 emails
2025-10-01 13:17:21,324 - INFO - Successfully sent day6 email to gavinparnaby@gmail.com
2025-10-01 13:17:21,341 - INFO - Updated day6_sent tracking for user 106
2025-10-01 13:17:22,158 - INFO - Successfully sent day6 email to dillonwheeler312@gmail.com
2025-10-01 13:17:22,175 - INFO - Updated day6_sent tracking for user 107
2025-10-01 13:17:22,944 - INFO - Successfully sent day6 email to chloe1220@hotmail.co.uk
2025-10-01 13:17:22,954 - INFO - Updated day6_sent tracking for user 105
2025-10-01 13:17:23,454 - INFO - Newsletter sequence completed. Total emails sent: 8
2025-10-02 13:18:44,589 - INFO - Starting newsletter email sequence...
2025-10-02 13:18:44,598 - INFO - Processing 7 users for day2 emails
2025-10-02 13:18:44,854 - INFO - Successfully sent day2 email to ryanmayo57@gmail.com
2025-10-02 13:18:44,872 - INFO - Updated day2_sent tracking for user 119
2025-10-02 13:18:45,625 - INFO - Successfully sent day2 email to levidiamond14@gmail.com
2025-10-02 13:18:45,636 - INFO - Updated day2_sent tracking for user 120
2025-10-02 13:18:46,420 - INFO - Successfully sent day2 email to ellyanamgomez@gmail.com
2025-10-02 13:18:46,437 - INFO - Updated day2_sent tracking for user 121
2025-10-02 13:18:47,187 - INFO - Successfully sent day2 email to 710vkr@gmail.com
2025-10-02 13:18:47,197 - INFO - Updated day2_sent tracking for user 122
2025-10-02 13:18:47,943 - INFO - Successfully sent day2 email to bennettross18@gmail.com
2025-10-02 13:18:47,959 - INFO - Updated day2_sent tracking for user 123
2025-10-02 13:18:48,733 - INFO - Successfully sent day2 email to dickens.c07@gmail.com
2025-10-02 13:18:48,746 - INFO - Updated day2_sent tracking for user 124
2025-10-02 13:18:49,553 - INFO - Successfully sent day2 email to alexthejit23@gmail.com
2025-10-02 13:18:49,563 - INFO - Updated day2_sent tracking for user 125
2025-10-02 13:18:50,063 - INFO - Processing 1 users for day4 emails
2025-10-02 13:18:50,338 - INFO - Successfully sent day4 email to lauraperezgarcia3@gmail.com
2025-10-02 13:18:50,356 - INFO - Updated day4_sent tracking for user 115
2025-10-02 13:18:50,857 - INFO - Processing 5 users for day6 emails
2025-10-02 13:18:51,164 - INFO - Successfully sent day6 email to gavincheung2005@gmail.com
2025-10-02 13:18:51,180 - INFO - Updated day6_sent tracking for user 108
2025-10-02 13:18:51,981 - INFO - Successfully sent day6 email to alexgonzo33@gmail.com
2025-10-02 13:18:51,998 - INFO - Updated day6_sent tracking for user 111
2025-10-02 13:18:52,785 - INFO - Successfully sent day6 email to nathanielsam@outlook.com
2025-10-02 13:18:52,795 - INFO - Updated day6_sent tracking for user 112
2025-10-02 13:18:53,567 - INFO - Successfully sent day6 email to jacobdevage@yahoo.com
2025-10-02 13:18:53,578 - INFO - Updated day6_sent tracking for user 109
2025-10-02 13:18:54,353 - INFO - Successfully sent day6 email to sjm459@scarletmail.rutgers.edu
2025-10-02 13:18:54,363 - INFO - Updated day6_sent tracking for user 110
2025-10-02 13:18:54,863 - INFO - Newsletter sequence completed. Total emails sent: 13
2025-10-03 13:18:01,489 - INFO - Starting newsletter email sequence...
2025-10-03 13:18:01,502 - INFO - Processing 4 users for day2 emails
2025-10-03 13:18:01,838 - INFO - Successfully sent day2 email to lrd9906@nyu.edu
2025-10-03 13:18:01,849 - INFO - Updated day2_sent tracking for user 126
2025-10-03 13:18:02,619 - INFO - Successfully sent day2 email to michaelannnack@hotmail.com
2025-10-03 13:18:02,633 - INFO - Updated day2_sent tracking for user 127
2025-10-03 13:18:03,386 - INFO - Successfully sent day2 email to castorly08@gmail.com
2025-10-03 13:18:03,400 - INFO - Updated day2_sent tracking for user 128
2025-10-03 13:18:04,188 - INFO - Successfully sent day2 email to louiswalsh10@icloud.com
2025-10-03 13:18:04,202 - INFO - Updated day2_sent tracking for user 129
2025-10-03 13:18:04,702 - INFO - Processing 3 users for day4 emails
2025-10-03 13:18:04,969 - INFO - Successfully sent day4 email to josalani@gmail.com
2025-10-03 13:18:04,978 - INFO - Updated day4_sent tracking for user 116
2025-10-03 13:18:05,739 - INFO - Successfully sent day4 email to turner.michael923@gmail.com
2025-10-03 13:18:05,756 - INFO - Updated day4_sent tracking for user 117
2025-10-03 13:18:06,522 - INFO - Successfully sent day4 email to jameskolar33@gmail.com
2025-10-03 13:18:06,533 - INFO - Updated day4_sent tracking for user 118
2025-10-03 13:18:07,033 - INFO - Processing 2 users for day6 emails
2025-10-03 13:18:07,284 - INFO - Successfully sent day6 email to yracesar@gmail.com
2025-10-03 13:18:07,294 - INFO - Updated day6_sent tracking for user 114
2025-10-03 13:18:08,049 - INFO - Successfully sent day6 email to 19andrewc@gmail.com
2025-10-03 13:18:08,062 - INFO - Updated day6_sent tracking for user 113
2025-10-03 13:18:08,563 - INFO - Newsletter sequence completed. Total emails sent: 9
2025-10-04 13:16:19,289 - INFO - Starting newsletter email sequence...
2025-10-04 13:16:19,299 - INFO - Processing 1 users for day2 emails
2025-10-04 13:16:19,571 - INFO - Successfully sent day2 email to marsrig5@gmail.com
2025-10-04 13:16:19,581 - INFO - Updated day2_sent tracking for user 130
2025-10-04 13:16:20,082 - INFO - Processing 7 users for day4 emails
2025-10-04 13:16:20,349 - INFO - Successfully sent day4 email to ryanmayo57@gmail.com
2025-10-04 13:16:20,360 - INFO - Updated day4_sent tracking for user 119
2025-10-04 13:16:21,132 - INFO - Successfully sent day4 email to levidiamond14@gmail.com
2025-10-04 13:16:21,144 - INFO - Updated day4_sent tracking for user 120
2025-10-04 13:16:21,926 - INFO - Successfully sent day4 email to ellyanamgomez@gmail.com
2025-10-04 13:16:21,935 - INFO - Updated day4_sent tracking for user 121
2025-10-04 13:16:22,682 - INFO - Successfully sent day4 email to 710vkr@gmail.com
2025-10-04 13:16:22,692 - INFO - Updated day4_sent tracking for user 122
2025-10-04 13:16:23,474 - INFO - Successfully sent day4 email to bennettross18@gmail.com
2025-10-04 13:16:23,484 - INFO - Updated day4_sent tracking for user 123
2025-10-04 13:16:24,536 - INFO - Successfully sent day4 email to dickens.c07@gmail.com
2025-10-04 13:16:24,555 - INFO - Updated day4_sent tracking for user 124
2025-10-04 13:16:25,314 - INFO - Successfully sent day4 email to alexthejit23@gmail.com
2025-10-04 13:16:25,325 - INFO - Updated day4_sent tracking for user 125
2025-10-04 13:16:25,825 - INFO - Processing 1 users for day6 emails
2025-10-04 13:16:26,075 - INFO - Successfully sent day6 email to lauraperezgarcia3@gmail.com
2025-10-04 13:16:26,085 - INFO - Updated day6_sent tracking for user 115
2025-10-04 13:16:26,585 - INFO - Newsletter sequence completed. Total emails sent: 9
2025-10-05 13:15:53,220 - INFO - Starting newsletter email sequence...
2025-10-05 13:15:53,230 - INFO - Processing 4 users for day2 emails
2025-10-05 13:15:53,878 - INFO - Successfully sent day2 email to kacmok1@gmail.com
2025-10-05 13:15:53,888 - INFO - Updated day2_sent tracking for user 131
2025-10-05 13:15:54,631 - INFO - Successfully sent day2 email to bencline.bc@gmail.com
2025-10-05 13:15:54,641 - INFO - Updated day2_sent tracking for user 132
2025-10-05 13:15:55,424 - INFO - Successfully sent day2 email to mattbredehoft@gmail.com
2025-10-05 13:15:55,434 - INFO - Updated day2_sent tracking for user 133
2025-10-05 13:15:56,196 - INFO - Successfully sent day2 email to alex@chisholmfamily.net
2025-10-05 13:15:56,207 - INFO - Updated day2_sent tracking for user 134
2025-10-05 13:15:56,707 - INFO - Processing 4 users for day4 emails
2025-10-05 13:15:56,979 - INFO - Successfully sent day4 email to lrd9906@nyu.edu
2025-10-05 13:15:56,989 - INFO - Updated day4_sent tracking for user 126
2025-10-05 13:15:57,759 - INFO - Successfully sent day4 email to michaelannnack@hotmail.com
2025-10-05 13:15:57,769 - INFO - Updated day4_sent tracking for user 127
2025-10-05 13:15:58,548 - INFO - Successfully sent day4 email to castorly08@gmail.com
2025-10-05 13:15:58,558 - INFO - Updated day4_sent tracking for user 128
2025-10-05 13:15:59,380 - INFO - Successfully sent day4 email to louiswalsh10@icloud.com
2025-10-05 13:15:59,394 - INFO - Updated day4_sent tracking for user 129
2025-10-05 13:15:59,894 - INFO - Processing 3 users for day6 emails
2025-10-05 13:16:00,118 - INFO - Successfully sent day6 email to josalani@gmail.com
2025-10-05 13:16:00,134 - INFO - Updated day6_sent tracking for user 116
2025-10-05 13:16:00,887 - INFO - Successfully sent day6 email to turner.michael923@gmail.com
2025-10-05 13:16:00,896 - INFO - Updated day6_sent tracking for user 117
2025-10-05 13:16:01,716 - INFO - Successfully sent day6 email to jameskolar33@gmail.com
2025-10-05 13:16:01,733 - INFO - Updated day6_sent tracking for user 118
2025-10-05 13:16:02,233 - INFO - Newsletter sequence completed. Total emails sent: 11
2025-10-06 13:18:15,541 - INFO - Starting newsletter email sequence...
2025-10-06 13:18:15,551 - INFO - Processing 5 users for day2 emails
2025-10-06 13:18:15,855 - INFO - Successfully sent day2 email to jasonfaro@gmail.com
2025-10-06 13:18:15,874 - INFO - Updated day2_sent tracking for user 135
2025-10-06 13:18:16,622 - INFO - Successfully sent day2 email to brooke.barrett232@gmail.com
2025-10-06 13:18:16,637 - INFO - Updated day2_sent tracking for user 136
2025-10-06 13:18:17,388 - INFO - Successfully sent day2 email to djordjepesic955@gmail.com
2025-10-06 13:18:17,410 - INFO - Updated day2_sent tracking for user 137
2025-10-06 13:18:18,223 - INFO - Successfully sent day2 email to ceeleocadio@gmail.com
2025-10-06 13:18:18,240 - INFO - Updated day2_sent tracking for user 138
2025-10-06 13:18:18,992 - INFO - Successfully sent day2 email to mnikolasevic7tt@gmail.com
2025-10-06 13:18:19,002 - INFO - Updated day2_sent tracking for user 139
2025-10-06 13:18:19,503 - INFO - Processing 1 users for day4 emails
2025-10-06 13:18:19,780 - INFO - Successfully sent day4 email to marsrig5@gmail.com
2025-10-06 13:18:19,791 - INFO - Updated day4_sent tracking for user 130
2025-10-06 13:18:20,291 - INFO - Processing 7 users for day6 emails
2025-10-06 13:18:20,569 - INFO - Successfully sent day6 email to levidiamond14@gmail.com
2025-10-06 13:18:20,590 - INFO - Updated day6_sent tracking for user 120
2025-10-06 13:18:21,376 - INFO - Successfully sent day6 email to ellyanamgomez@gmail.com
2025-10-06 13:18:21,391 - INFO - Updated day6_sent tracking for user 121
2025-10-06 13:18:22,212 - INFO - Successfully sent day6 email to ryanmayo57@gmail.com
2025-10-06 13:18:22,222 - INFO - Updated day6_sent tracking for user 119
2025-10-06 13:18:22,979 - INFO - Successfully sent day6 email to 710vkr@gmail.com
2025-10-06 13:18:22,990 - INFO - Updated day6_sent tracking for user 122
2025-10-06 13:18:23,757 - INFO - Successfully sent day6 email to bennettross18@gmail.com
2025-10-06 13:18:23,767 - INFO - Updated day6_sent tracking for user 123
2025-10-06 13:18:24,563 - INFO - Successfully sent day6 email to dickens.c07@gmail.com
2025-10-06 13:18:24,573 - INFO - Updated day6_sent tracking for user 124
2025-10-06 13:18:25,343 - INFO - Successfully sent day6 email to alexthejit23@gmail.com
2025-10-06 13:18:25,359 - INFO - Updated day6_sent tracking for user 125
2025-10-06 13:18:25,859 - INFO - Newsletter sequence completed. Total emails sent: 13
2025-10-07 13:17:38,058 - INFO - Starting newsletter email sequence...
2025-10-07 13:17:38,068 - INFO - Processing 4 users for day2 emails
2025-10-07 13:17:38,377 - INFO - Successfully sent day2 email to binhhoangle10@gmail.com
2025-10-07 13:17:38,387 - INFO - Updated day2_sent tracking for user 140
2025-10-07 13:17:39,195 - INFO - Successfully sent day2 email to martolebg@gmail.com
2025-10-07 13:17:39,206 - INFO - Updated day2_sent tracking for user 141
2025-10-07 13:17:39,978 - INFO - Successfully sent day2 email to cameronmorgan07@gmail.com
2025-10-07 13:17:39,989 - INFO - Updated day2_sent tracking for user 142
2025-10-07 13:17:40,750 - INFO - Successfully sent day2 email to kesavadithyag@gmail.com
2025-10-07 13:17:40,763 - INFO - Updated day2_sent tracking for user 143
2025-10-07 13:17:41,263 - INFO - Processing 4 users for day4 emails
2025-10-07 13:17:41,547 - INFO - Successfully sent day4 email to kacmok1@gmail.com
2025-10-07 13:17:41,558 - INFO - Updated day4_sent tracking for user 131
2025-10-07 13:17:42,321 - INFO - Successfully sent day4 email to bencline.bc@gmail.com
2025-10-07 13:17:42,337 - INFO - Updated day4_sent tracking for user 132
2025-10-07 13:17:43,100 - INFO - Successfully sent day4 email to mattbredehoft@gmail.com
2025-10-07 13:17:43,111 - INFO - Updated day4_sent tracking for user 133
2025-10-07 13:17:43,887 - INFO - Successfully sent day4 email to alex@chisholmfamily.net
2025-10-07 13:17:43,898 - INFO - Updated day4_sent tracking for user 134
2025-10-07 13:17:44,399 - INFO - Processing 4 users for day6 emails
2025-10-07 13:17:44,647 - INFO - Successfully sent day6 email to lrd9906@nyu.edu
2025-10-07 13:17:44,658 - INFO - Updated day6_sent tracking for user 126
2025-10-07 13:17:45,526 - INFO - Successfully sent day6 email to michaelannnack@hotmail.com
2025-10-07 13:17:45,541 - INFO - Updated day6_sent tracking for user 127
2025-10-07 13:17:46,345 - INFO - Successfully sent day6 email to castorly08@gmail.com
2025-10-07 13:17:46,357 - INFO - Updated day6_sent tracking for user 128
2025-10-07 13:17:47,152 - INFO - Successfully sent day6 email to louiswalsh10@icloud.com
2025-10-07 13:17:47,162 - INFO - Updated day6_sent tracking for user 129
2025-10-07 13:17:47,663 - INFO - Newsletter sequence completed. Total emails sent: 12
2025-10-08 13:17:06,131 - INFO - Starting newsletter email sequence...
2025-10-08 13:17:06,144 - INFO - Processing 5 users for day2 emails
2025-10-08 13:17:06,453 - INFO - Successfully sent day2 email to masoncastellan@icloud.com
2025-10-08 13:17:06,466 - INFO - Updated day2_sent tracking for user 144
2025-10-08 13:17:07,257 - INFO - Successfully sent day2 email to william.m.hagens@gmail.com
2025-10-08 13:17:07,267 - INFO - Updated day2_sent tracking for user 145
2025-10-08 13:17:08,111 - INFO - Successfully sent day2 email to singingnimrod@gmail.com
2025-10-08 13:17:08,124 - INFO - Updated day2_sent tracking for user 146
2025-10-08 13:17:08,932 - INFO - Successfully sent day2 email to irene.apodaca86@zebyinbox.com
2025-10-08 13:17:08,948 - INFO - Updated day2_sent tracking for user 147
2025-10-08 13:17:10,027 - INFO - Successfully sent day2 email to araceli_padilla@dpvmx.com
2025-10-08 13:17:10,038 - INFO - Updated day2_sent tracking for user 148
2025-10-08 13:17:10,538 - INFO - Processing 5 users for day4 emails
2025-10-08 13:17:10,789 - INFO - Successfully sent day4 email to jasonfaro@gmail.com
2025-10-08 13:17:10,801 - INFO - Updated day4_sent tracking for user 135
2025-10-08 13:17:11,567 - INFO - Successfully sent day4 email to brooke.barrett232@gmail.com
2025-10-08 13:17:11,578 - INFO - Updated day4_sent tracking for user 136
2025-10-08 13:17:13,416 - INFO - Successfully sent day4 email to djordjepesic955@gmail.com
2025-10-08 13:17:13,426 - INFO - Updated day4_sent tracking for user 137
2025-10-08 13:17:14,175 - INFO - Successfully sent day4 email to ceeleocadio@gmail.com
2025-10-08 13:17:14,185 - INFO - Updated day4_sent tracking for user 138
2025-10-08 13:17:15,195 - INFO - Successfully sent day4 email to mnikolasevic7tt@gmail.com
2025-10-08 13:17:15,212 - INFO - Updated day4_sent tracking for user 139
2025-10-08 13:17:15,712 - INFO - Processing 1 users for day6 emails
2025-10-08 13:17:15,948 - INFO - Successfully sent day6 email to marsrig5@gmail.com
2025-10-08 13:17:15,959 - INFO - Updated day6_sent tracking for user 130
2025-10-08 13:17:16,459 - INFO - Newsletter sequence completed. Total emails sent: 11
2025-10-09 13:19:06,849 - INFO - Starting newsletter email sequence...
2025-10-09 13:19:06,860 - INFO - Processing 9 users for day2 emails
2025-10-09 13:19:07,182 - INFO - Successfully sent day2 email to gchfontes@gmail.com
2025-10-09 13:19:07,194 - INFO - Updated day2_sent tracking for user 155
2025-10-09 13:19:07,962 - INFO - Successfully sent day2 email to philipp-huzel@hotmail.de
2025-10-09 13:19:07,973 - INFO - Updated day2_sent tracking for user 156
2025-10-09 13:19:08,753 - INFO - Successfully sent day2 email to juanpis.barragan30@gmail.com
2025-10-09 13:19:08,763 - INFO - Updated day2_sent tracking for user 157
2025-10-09 13:19:09,580 - INFO - Successfully sent day2 email to stutipardiwala09@gmail.com
2025-10-09 13:19:09,597 - INFO - Updated day2_sent tracking for user 149
2025-10-09 13:19:10,387 - INFO - Successfully sent day2 email to grullachorny@gmail.com
2025-10-09 13:19:10,397 - INFO - Updated day2_sent tracking for user 150
2025-10-09 13:19:11,164 - INFO - Successfully sent day2 email to micaela.xiana@orimi.co
2025-10-09 13:19:11,182 - INFO - Updated day2_sent tracking for user 151
2025-10-09 13:19:11,978 - INFO - Successfully sent day2 email to as5902255@gmail.com
2025-10-09 13:19:11,992 - INFO - Updated day2_sent tracking for user 152
2025-10-09 13:19:12,775 - INFO - Successfully sent day2 email to aneissabdellaoui8@gmail.com
2025-10-09 13:19:12,786 - INFO - Updated day2_sent tracking for user 153
2025-10-09 13:19:13,557 - INFO - Successfully sent day2 email to enekoem1212@gmail.com
2025-10-09 13:19:13,568 - INFO - Updated day2_sent tracking for user 154
2025-10-09 13:19:14,068 - INFO - Processing 4 users for day4 emails
2025-10-09 13:19:14,375 - INFO - Successfully sent day4 email to binhhoangle10@gmail.com
2025-10-09 13:19:14,389 - INFO - Updated day4_sent tracking for user 140
2025-10-09 13:19:15,140 - INFO - Successfully sent day4 email to martolebg@gmail.com
2025-10-09 13:19:15,153 - INFO - Updated day4_sent tracking for user 141
2025-10-09 13:19:15,922 - INFO - Successfully sent day4 email to cameronmorgan07@gmail.com
2025-10-09 13:19:15,932 - INFO - Updated day4_sent tracking for user 142
2025-10-09 13:19:16,701 - INFO - Successfully sent day4 email to kesavadithyag@gmail.com
2025-10-09 13:19:16,717 - INFO - Updated day4_sent tracking for user 143
2025-10-09 13:19:17,218 - INFO - Processing 4 users for day6 emails
2025-10-09 13:19:17,466 - INFO - Successfully sent day6 email to kacmok1@gmail.com
2025-10-09 13:19:17,477 - INFO - Updated day6_sent tracking for user 131
2025-10-09 13:19:18,288 - INFO - Successfully sent day6 email to bencline.bc@gmail.com
2025-10-09 13:19:18,299 - INFO - Updated day6_sent tracking for user 132
2025-10-09 13:19:19,062 - INFO - Successfully sent day6 email to mattbredehoft@gmail.com
2025-10-09 13:19:19,072 - INFO - Updated day6_sent tracking for user 133
2025-10-09 13:19:19,829 - INFO - Successfully sent day6 email to alex@chisholmfamily.net
2025-10-09 13:19:19,842 - INFO - Updated day6_sent tracking for user 134
2025-10-09 13:19:20,342 - INFO - Newsletter sequence completed. Total emails sent: 17
2025-10-10 13:16:57,913 - INFO - Starting newsletter email sequence...
2025-10-10 13:16:57,923 - INFO - Processing 4 users for day2 emails
2025-10-10 13:16:58,211 - INFO - Successfully sent day2 email to granthony2005@gmail.com
2025-10-10 13:16:58,229 - INFO - Updated day2_sent tracking for user 158
2025-10-10 13:16:59,012 - INFO - Successfully sent day2 email to achappidi3725@gmail.com
2025-10-10 13:16:59,030 - INFO - Updated day2_sent tracking for user 159
2025-10-10 13:17:00,108 - INFO - Successfully sent day2 email to sander.thomasrud@gmail.com
2025-10-10 13:17:00,120 - INFO - Updated day2_sent tracking for user 160
2025-10-10 13:17:00,873 - INFO - Successfully sent day2 email to dvillenmoreno@gmail.com
2025-10-10 13:17:00,884 - INFO - Updated day2_sent tracking for user 161
2025-10-10 13:17:01,384 - INFO - Processing 5 users for day4 emails
2025-10-10 13:17:01,686 - INFO - Successfully sent day4 email to masoncastellan@icloud.com
2025-10-10 13:17:01,703 - INFO - Updated day4_sent tracking for user 144
2025-10-10 13:17:02,480 - INFO - Successfully sent day4 email to william.m.hagens@gmail.com
2025-10-10 13:17:02,490 - INFO - Updated day4_sent tracking for user 145
2025-10-10 13:17:03,249 - INFO - Successfully sent day4 email to singingnimrod@gmail.com
2025-10-10 13:17:03,261 - INFO - Updated day4_sent tracking for user 146
2025-10-10 13:17:04,041 - INFO - Successfully sent day4 email to irene.apodaca86@zebyinbox.com
2025-10-10 13:17:04,051 - INFO - Updated day4_sent tracking for user 147
2025-10-10 13:17:05,079 - INFO - Successfully sent day4 email to araceli_padilla@dpvmx.com
2025-10-10 13:17:05,095 - INFO - Updated day4_sent tracking for user 148
2025-10-10 13:17:05,596 - INFO - Processing 5 users for day6 emails
2025-10-10 13:17:05,884 - INFO - Successfully sent day6 email to ceeleocadio@gmail.com
2025-10-10 13:17:05,897 - INFO - Updated day6_sent tracking for user 138
2025-10-10 13:17:06,711 - INFO - Successfully sent day6 email to mnikolasevic7tt@gmail.com
2025-10-10 13:17:06,729 - INFO - Updated day6_sent tracking for user 139
2025-10-10 13:17:07,527 - INFO - Successfully sent day6 email to jasonfaro@gmail.com
2025-10-10 13:17:07,538 - INFO - Updated day6_sent tracking for user 135
2025-10-10 13:17:08,327 - INFO - Successfully sent day6 email to brooke.barrett232@gmail.com
2025-10-10 13:17:08,338 - INFO - Updated day6_sent tracking for user 136
2025-10-10 13:17:09,119 - INFO - Successfully sent day6 email to djordjepesic955@gmail.com
2025-10-10 13:17:09,129 - INFO - Updated day6_sent tracking for user 137
2025-10-10 13:17:09,629 - INFO - Newsletter sequence completed. Total emails sent: 14
2025-10-11 13:16:47,362 - INFO - Starting newsletter email sequence...
2025-10-11 13:16:47,372 - INFO - Processing 5 users for day2 emails
2025-10-11 13:16:47,657 - INFO - Successfully sent day2 email to josephogede@gamil.com
2025-10-11 13:16:47,671 - INFO - Updated day2_sent tracking for user 162
2025-10-11 13:16:48,485 - INFO - Successfully sent day2 email to andypyasta67@gmail.com
2025-10-11 13:16:48,495 - INFO - Updated day2_sent tracking for user 163
2025-10-11 13:16:49,273 - INFO - Successfully sent day2 email to octave4@gmail.com
2025-10-11 13:16:49,291 - INFO - Updated day2_sent tracking for user 164
2025-10-11 13:16:50,133 - INFO - Successfully sent day2 email to sundeepmallapadi@gmail.com
2025-10-11 13:16:50,150 - INFO - Updated day2_sent tracking for user 165
2025-10-11 13:16:50,941 - INFO - Successfully sent day2 email to 2179065836yuye@gmail.com
2025-10-11 13:16:50,951 - INFO - Updated day2_sent tracking for user 166
2025-10-11 13:16:51,451 - INFO - Processing 9 users for day4 emails
2025-10-11 13:16:51,720 - INFO - Successfully sent day4 email to gchfontes@gmail.com
2025-10-11 13:16:51,736 - INFO - Updated day4_sent tracking for user 155
2025-10-11 13:16:52,589 - INFO - Successfully sent day4 email to philipp-huzel@hotmail.de
2025-10-11 13:16:52,605 - INFO - Updated day4_sent tracking for user 156
2025-10-11 13:16:53,387 - INFO - Successfully sent day4 email to juanpis.barragan30@gmail.com
2025-10-11 13:16:53,401 - INFO - Updated day4_sent tracking for user 157
2025-10-11 13:16:54,174 - INFO - Successfully sent day4 email to stutipardiwala09@gmail.com
2025-10-11 13:16:54,191 - INFO - Updated day4_sent tracking for user 149
2025-10-11 13:16:54,985 - INFO - Successfully sent day4 email to grullachorny@gmail.com
2025-10-11 13:16:55,002 - INFO - Updated day4_sent tracking for user 150
2025-10-11 13:16:55,743 - INFO - Successfully sent day4 email to micaela.xiana@orimi.co
2025-10-11 13:16:55,753 - INFO - Updated day4_sent tracking for user 151
2025-10-11 13:16:56,514 - INFO - Successfully sent day4 email to as5902255@gmail.com
2025-10-11 13:16:56,526 - INFO - Updated day4_sent tracking for user 152
2025-10-11 13:16:57,378 - INFO - Successfully sent day4 email to aneissabdellaoui8@gmail.com
2025-10-11 13:16:57,398 - INFO - Updated day4_sent tracking for user 153
2025-10-11 13:16:58,205 - INFO - Successfully sent day4 email to enekoem1212@gmail.com
2025-10-11 13:16:58,220 - INFO - Updated day4_sent tracking for user 154
2025-10-11 13:16:58,720 - INFO - Processing 4 users for day6 emails
2025-10-11 13:16:59,042 - INFO - Successfully sent day6 email to cameronmorgan07@gmail.com
2025-10-11 13:16:59,058 - INFO - Updated day6_sent tracking for user 142
2025-10-11 13:16:59,909 - INFO - Successfully sent day6 email to kesavadithyag@gmail.com
2025-10-11 13:16:59,919 - INFO - Updated day6_sent tracking for user 143
2025-10-11 13:17:00,711 - INFO - Successfully sent day6 email to binhhoangle10@gmail.com
2025-10-11 13:17:00,722 - INFO - Updated day6_sent tracking for user 140
2025-10-11 13:17:01,487 - INFO - Successfully sent day6 email to martolebg@gmail.com
2025-10-11 13:17:01,497 - INFO - Updated day6_sent tracking for user 141
2025-10-11 13:17:01,997 - INFO - Newsletter sequence completed. Total emails sent: 18
2025-10-12 13:17:21,116 - INFO - Starting newsletter email sequence...
2025-10-12 13:17:21,127 - INFO - Processing 4 users for day2 emails
2025-10-12 13:17:21,451 - INFO - Successfully sent day2 email to rouhiert@outlook.com
2025-10-12 13:17:21,462 - INFO - Updated day2_sent tracking for user 167
2025-10-12 13:17:22,232 - INFO - Successfully sent day2 email to jonahgoodwine@gmail.com
2025-10-12 13:17:22,242 - INFO - Updated day2_sent tracking for user 168
2025-10-12 13:17:23,265 - INFO - Successfully sent day2 email to schmiesing.31@gmail.com
2025-10-12 13:17:23,278 - INFO - Updated day2_sent tracking for user 169
2025-10-12 13:17:24,052 - INFO - Successfully sent day2 email to smmolinari@comcast.net
2025-10-12 13:17:24,069 - INFO - Updated day2_sent tracking for user 170
2025-10-12 13:17:24,569 - INFO - Processing 4 users for day4 emails
2025-10-12 13:17:24,929 - INFO - Successfully sent day4 email to dvillenmoreno@gmail.com
2025-10-12 13:17:24,940 - INFO - Updated day4_sent tracking for user 161
2025-10-12 13:17:25,699 - INFO - Successfully sent day4 email to granthony2005@gmail.com
2025-10-12 13:17:25,717 - INFO - Updated day4_sent tracking for user 158
2025-10-12 13:17:26,494 - INFO - Successfully sent day4 email to achappidi3725@gmail.com
2025-10-12 13:17:26,505 - INFO - Updated day4_sent tracking for user 159
2025-10-12 13:17:27,312 - INFO - Successfully sent day4 email to sander.thomasrud@gmail.com
2025-10-12 13:17:27,326 - INFO - Updated day4_sent tracking for user 160
2025-10-12 13:17:27,826 - INFO - Processing 5 users for day6 emails
2025-10-12 13:17:28,069 - INFO - Successfully sent day6 email to masoncastellan@icloud.com
2025-10-12 13:17:28,082 - INFO - Updated day6_sent tracking for user 144
2025-10-12 13:17:28,885 - INFO - Successfully sent day6 email to william.m.hagens@gmail.com
2025-10-12 13:17:28,902 - INFO - Updated day6_sent tracking for user 145
2025-10-12 13:17:29,669 - INFO - Successfully sent day6 email to singingnimrod@gmail.com
2025-10-12 13:17:29,686 - INFO - Updated day6_sent tracking for user 146
2025-10-12 13:17:30,457 - INFO - Successfully sent day6 email to irene.apodaca86@zebyinbox.com
2025-10-12 13:17:30,475 - INFO - Updated day6_sent tracking for user 147
2025-10-12 13:17:31,243 - INFO - Successfully sent day6 email to araceli_padilla@dpvmx.com
2025-10-12 13:17:31,260 - INFO - Updated day6_sent tracking for user 148
2025-10-12 13:17:31,761 - INFO - Newsletter sequence completed. Total emails sent: 13
2025-10-13 13:17:19,431 - INFO - Starting newsletter email sequence...
2025-10-13 13:17:19,442 - INFO - Processing 1 users for day2 emails
2025-10-13 13:17:19,726 - INFO - Successfully sent day2 email to jmpastis@syr.edu
2025-10-13 13:17:19,743 - INFO - Updated day2_sent tracking for user 171
2025-10-13 13:17:20,244 - INFO - Processing 5 users for day4 emails
2025-10-13 13:17:20,543 - INFO - Successfully sent day4 email to josephogede@gamil.com
2025-10-13 13:17:20,555 - INFO - Updated day4_sent tracking for user 162
2025-10-13 13:17:21,374 - INFO - Successfully sent day4 email to andypyasta67@gmail.com
2025-10-13 13:17:21,388 - INFO - Updated day4_sent tracking for user 163
2025-10-13 13:17:22,356 - INFO - Successfully sent day4 email to octave4@gmail.com
2025-10-13 13:17:22,367 - INFO - Updated day4_sent tracking for user 164
2025-10-13 13:17:23,154 - INFO - Successfully sent day4 email to 2179065836yuye@gmail.com
2025-10-13 13:17:23,170 - INFO - Updated day4_sent tracking for user 166
2025-10-13 13:17:23,943 - INFO - Successfully sent day4 email to sundeepmallapadi@gmail.com
2025-10-13 13:17:23,961 - INFO - Updated day4_sent tracking for user 165
2025-10-13 13:17:24,461 - INFO - Processing 9 users for day6 emails
2025-10-13 13:17:24,695 - INFO - Successfully sent day6 email to micaela.xiana@orimi.co
2025-10-13 13:17:24,710 - INFO - Updated day6_sent tracking for user 151
2025-10-13 13:17:25,538 - INFO - Successfully sent day6 email to as5902255@gmail.com
2025-10-13 13:17:25,550 - INFO - Updated day6_sent tracking for user 152
2025-10-13 13:17:26,318 - INFO - Successfully sent day6 email to aneissabdellaoui8@gmail.com
2025-10-13 13:17:26,328 - INFO - Updated day6_sent tracking for user 153
2025-10-13 13:17:27,092 - INFO - Successfully sent day6 email to gchfontes@gmail.com
2025-10-13 13:17:27,110 - INFO - Updated day6_sent tracking for user 155
2025-10-13 13:17:27,902 - INFO - Successfully sent day6 email to philipp-huzel@hotmail.de
2025-10-13 13:17:27,920 - INFO - Updated day6_sent tracking for user 156
2025-10-13 13:17:28,697 - INFO - Successfully sent day6 email to enekoem1212@gmail.com
2025-10-13 13:17:28,708 - INFO - Updated day6_sent tracking for user 154
2025-10-13 13:17:29,537 - INFO - Successfully sent day6 email to juanpis.barragan30@gmail.com
2025-10-13 13:17:29,554 - INFO - Updated day6_sent tracking for user 157
2025-10-13 13:17:30,326 - INFO - Successfully sent day6 email to stutipardiwala09@gmail.com
2025-10-13 13:17:30,343 - INFO - Updated day6_sent tracking for user 149
2025-10-13 13:17:31,138 - INFO - Successfully sent day6 email to grullachorny@gmail.com
2025-10-13 13:17:31,156 - INFO - Updated day6_sent tracking for user 150
2025-10-13 13:17:31,656 - INFO - Newsletter sequence completed. Total emails sent: 15
2025-10-14 13:18:38,363 - INFO - Starting newsletter email sequence...
2025-10-14 13:18:38,378 - INFO - Processing 16 users for day2 emails
2025-10-14 13:18:38,669 - INFO - Successfully sent day2 email to henrygliedman@gmail.com
2025-10-14 13:18:38,686 - INFO - Updated day2_sent tracking for user 172
2025-10-14 13:18:39,486 - INFO - Successfully sent day2 email to elizabeth.c.bloom@gmail.com
2025-10-14 13:18:39,504 - INFO - Updated day2_sent tracking for user 173
2025-10-14 13:18:40,254 - INFO - Successfully sent day2 email to friedrich.tyler@gmail.com
2025-10-14 13:18:40,272 - INFO - Updated day2_sent tracking for user 174
2025-10-14 13:18:41,061 - INFO - Successfully sent day2 email to matt@barloweanalytics.com
2025-10-14 13:18:41,078 - INFO - Updated day2_sent tracking for user 175
2025-10-14 13:18:41,872 - INFO - Successfully sent day2 email to tristanrobbins2005@yahoo.com
2025-10-14 13:18:41,885 - INFO - Updated day2_sent tracking for user 176
2025-10-14 13:18:42,623 - INFO - Successfully sent day2 email to xavitecnologys@gmail.com
2025-10-14 13:18:42,639 - INFO - Updated day2_sent tracking for user 177
2025-10-14 13:18:43,460 - INFO - Successfully sent day2 email to talk.to.eric.loeb@gmail.com
2025-10-14 13:18:43,482 - INFO - Updated day2_sent tracking for user 178
2025-10-14 13:18:44,259 - INFO - Successfully sent day2 email to erictran.7201@gmail.com
2025-10-14 13:18:44,273 - INFO - Updated day2_sent tracking for user 179
2025-10-14 13:18:45,080 - INFO - Successfully sent day2 email to andrew.gerson@gmail.com
2025-10-14 13:18:45,094 - INFO - Updated day2_sent tracking for user 180
2025-10-14 13:18:45,882 - INFO - Successfully sent day2 email to ms7189@columbia.edu
2025-10-14 13:18:45,898 - INFO - Updated day2_sent tracking for user 181
2025-10-14 13:18:46,691 - INFO - Successfully sent day2 email to stan.parker15@gmail.com
2025-10-14 13:18:46,707 - INFO - Updated day2_sent tracking for user 182
2025-10-14 13:18:47,482 - INFO - Successfully sent day2 email to justinblattman@gmail.com
2025-10-14 13:18:47,499 - INFO - Updated day2_sent tracking for user 183
2025-10-14 13:18:48,316 - INFO - Successfully sent day2 email to greenlinks18@hotmail.com
2025-10-14 13:18:48,331 - INFO - Updated day2_sent tracking for user 184
2025-10-14 13:18:49,148 - INFO - Successfully sent day2 email to michellebrandaow@gmail.com
2025-10-14 13:18:49,165 - INFO - Updated day2_sent tracking for user 185
2025-10-14 13:18:49,946 - INFO - Successfully sent day2 email to isaih@fireballfindings.com
2025-10-14 13:18:49,963 - INFO - Updated day2_sent tracking for user 186
2025-10-14 13:18:50,756 - INFO - Successfully sent day2 email to scottsmoot962@gmail.com
2025-10-14 13:18:50,769 - INFO - Updated day2_sent tracking for user 187
2025-10-14 13:18:51,270 - INFO - Processing 4 users for day4 emails
2025-10-14 13:18:51,584 - INFO - Successfully sent day4 email to jonahgoodwine@gmail.com
2025-10-14 13:18:51,601 - INFO - Updated day4_sent tracking for user 168
2025-10-14 13:18:52,349 - INFO - Successfully sent day4 email to smmolinari@comcast.net
2025-10-14 13:18:52,363 - INFO - Updated day4_sent tracking for user 170
2025-10-14 13:18:53,131 - INFO - Successfully sent day4 email to rouhiert@outlook.com
2025-10-14 13:18:53,142 - INFO - Updated day4_sent tracking for user 167
2025-10-14 13:18:53,959 - INFO - Successfully sent day4 email to schmiesing.31@gmail.com
2025-10-14 13:18:53,976 - INFO - Updated day4_sent tracking for user 169
2025-10-14 13:18:54,477 - INFO - Processing 4 users for day6 emails
2025-10-14 13:18:54,769 - INFO - Successfully sent day6 email to granthony2005@gmail.com
2025-10-14 13:18:54,780 - INFO - Updated day6_sent tracking for user 158
2025-10-14 13:18:55,590 - INFO - Successfully sent day6 email to achappidi3725@gmail.com
2025-10-14 13:18:55,607 - INFO - Updated day6_sent tracking for user 159
2025-10-14 13:18:56,360 - INFO - Successfully sent day6 email to sander.thomasrud@gmail.com
2025-10-14 13:18:56,372 - INFO - Updated day6_sent tracking for user 160
2025-10-14 13:18:57,149 - INFO - Successfully sent day6 email to dvillenmoreno@gmail.com
2025-10-14 13:18:57,160 - INFO - Updated day6_sent tracking for user 161
2025-10-14 13:18:57,661 - INFO - Newsletter sequence completed. Total emails sent: 24
2025-10-15 13:19:17,035 - INFO - Starting newsletter email sequence...
2025-10-15 13:19:17,051 - INFO - Processing 13 users for day2 emails
2025-10-15 13:19:17,365 - INFO - Successfully sent day2 email to joeylstarr@yahoo.com
2025-10-15 13:19:17,381 - INFO - Updated day2_sent tracking for user 188
2025-10-15 13:19:18,151 - INFO - Successfully sent day2 email to brianna.stopher@gmail.com
2025-10-15 13:19:18,167 - INFO - Updated day2_sent tracking for user 189
2025-10-15 13:19:18,944 - INFO - Successfully sent day2 email to wittym1@hotmail.com
2025-10-15 13:19:18,962 - INFO - Updated day2_sent tracking for user 190
2025-10-15 13:19:19,728 - INFO - Successfully sent day2 email to jakerichardsedu@gmail.com
2025-10-15 13:19:19,742 - INFO - Updated day2_sent tracking for user 191
2025-10-15 13:19:20,517 - INFO - Successfully sent day2 email to kanatalanikhil25@gmail.com
2025-10-15 13:19:20,528 - INFO - Updated day2_sent tracking for user 192
2025-10-15 13:19:21,300 - INFO - Successfully sent day2 email to gnutting27@gmail.com
2025-10-15 13:19:21,312 - INFO - Updated day2_sent tracking for user 193
2025-10-15 13:19:22,128 - INFO - Successfully sent day2 email to david.djm.myers@gmail.com
2025-10-15 13:19:22,144 - INFO - Updated day2_sent tracking for user 194
2025-10-15 13:19:22,914 - INFO - Successfully sent day2 email to cdblitze@gmail.com
2025-10-15 13:19:22,932 - INFO - Updated day2_sent tracking for user 195
2025-10-15 13:19:23,663 - INFO - Successfully sent day2 email to otaviosanluz@gmail.com
2025-10-15 13:19:23,673 - INFO - Updated day2_sent tracking for user 196
2025-10-15 13:19:24,418 - INFO - Successfully sent day2 email to andrewpeters1994@gmail.com
2025-10-15 13:19:24,430 - INFO - Updated day2_sent tracking for user 197
2025-10-15 13:19:25,196 - INFO - Successfully sent day2 email to samjohnson29100@gmail.com
2025-10-15 13:19:25,207 - INFO - Updated day2_sent tracking for user 198
2025-10-15 13:19:25,984 - INFO - Successfully sent day2 email to migvidal5@gmail.com
2025-10-15 13:19:25,995 - INFO - Updated day2_sent tracking for user 199
2025-10-15 13:19:26,769 - INFO - Successfully sent day2 email to tgalowski@gmail.com
2025-10-15 13:19:26,781 - INFO - Updated day2_sent tracking for user 200
2025-10-15 13:19:27,281 - INFO - Processing 1 users for day4 emails
2025-10-15 13:19:27,540 - INFO - Successfully sent day4 email to jmpastis@syr.edu
2025-10-15 13:19:27,550 - INFO - Updated day4_sent tracking for user 171
2025-10-15 13:19:28,050 - INFO - Processing 5 users for day6 emails
2025-10-15 13:19:28,318 - INFO - Successfully sent day6 email to andypyasta67@gmail.com
2025-10-15 13:19:28,331 - INFO - Updated day6_sent tracking for user 163
2025-10-15 13:19:29,114 - INFO - Successfully sent day6 email to octave4@gmail.com
2025-10-15 13:19:29,125 - INFO - Updated day6_sent tracking for user 164
2025-10-15 13:19:29,943 - INFO - Successfully sent day6 email to 2179065836yuye@gmail.com
2025-10-15 13:19:29,966 - INFO - Updated day6_sent tracking for user 166
2025-10-15 13:19:30,749 - INFO - Successfully sent day6 email to sundeepmallapadi@gmail.com
2025-10-15 13:19:30,760 - INFO - Updated day6_sent tracking for user 165
2025-10-15 13:19:31,536 - INFO - Successfully sent day6 email to josephogede@gamil.com
2025-10-15 13:19:31,545 - INFO - Updated day6_sent tracking for user 162
2025-10-15 13:19:32,046 - INFO - Newsletter sequence completed. Total emails sent: 19
2025-10-16 13:17:20,215 - INFO - Starting newsletter email sequence...
2025-10-16 13:17:20,224 - INFO - Processing 5 users for day2 emails
2025-10-16 13:17:20,559 - INFO - Successfully sent day2 email to aidenlewis0518@gmail.com
2025-10-16 13:17:20,576 - INFO - Updated day2_sent tracking for user 201
2025-10-16 13:17:21,348 - INFO - Successfully sent day2 email to rromaniuk98@yahoo.ca
2025-10-16 13:17:21,358 - INFO - Updated day2_sent tracking for user 202
2025-10-16 13:17:22,150 - INFO - Successfully sent day2 email to jaredmarko1@comcast.net
2025-10-16 13:17:22,164 - INFO - Updated day2_sent tracking for user 203
2025-10-16 13:17:23,004 - INFO - Successfully sent day2 email to tej.yalamanchili@gmail.com
2025-10-16 13:17:23,020 - INFO - Updated day2_sent tracking for user 204
2025-10-16 13:17:23,866 - INFO - Successfully sent day2 email to view@bspamfree.org
2025-10-16 13:17:23,882 - INFO - Updated day2_sent tracking for user 206
2025-10-16 13:17:24,383 - INFO - Processing 14 users for day4 emails
2025-10-16 13:17:24,646 - INFO - Successfully sent day4 email to henrygliedman@gmail.com
2025-10-16 13:17:24,655 - INFO - Updated day4_sent tracking for user 172
2025-10-16 13:17:25,430 - INFO - Successfully sent day4 email to elizabeth.c.bloom@gmail.com
2025-10-16 13:17:25,447 - INFO - Updated day4_sent tracking for user 173
2025-10-16 13:17:26,255 - INFO - Successfully sent day4 email to xavitecnologys@gmail.com
2025-10-16 13:17:26,266 - INFO - Updated day4_sent tracking for user 177
2025-10-16 13:17:27,070 - INFO - Successfully sent day4 email to talk.to.eric.loeb@gmail.com
2025-10-16 13:17:27,087 - INFO - Updated day4_sent tracking for user 178
2025-10-16 13:17:27,843 - INFO - Successfully sent day4 email to erictran.7201@gmail.com
2025-10-16 13:17:27,856 - INFO - Updated day4_sent tracking for user 179
2025-10-16 13:17:28,636 - INFO - Successfully sent day4 email to andrew.gerson@gmail.com
2025-10-16 13:17:28,658 - INFO - Updated day4_sent tracking for user 180
2025-10-16 13:17:29,399 - INFO - Successfully sent day4 email to ms7189@columbia.edu
2025-10-16 13:17:29,414 - INFO - Updated day4_sent tracking for user 181
2025-10-16 13:17:30,210 - INFO - Successfully sent day4 email to stan.parker15@gmail.com
2025-10-16 13:17:30,223 - INFO - Updated day4_sent tracking for user 182
2025-10-16 13:17:30,978 - INFO - Successfully sent day4 email to greenlinks18@hotmail.com
2025-10-16 13:17:30,992 - INFO - Updated day4_sent tracking for user 184
2025-10-16 13:17:31,732 - INFO - Successfully sent day4 email to friedrich.tyler@gmail.com
2025-10-16 13:17:31,744 - INFO - Updated day4_sent tracking for user 174
2025-10-16 13:17:32,546 - INFO - Successfully sent day4 email to justinblattman@gmail.com
2025-10-16 13:17:32,556 - INFO - Updated day4_sent tracking for user 183
2025-10-16 13:17:33,334 - INFO - Successfully sent day4 email to michellebrandaow@gmail.com
2025-10-16 13:17:33,344 - INFO - Updated day4_sent tracking for user 185
2025-10-16 13:17:34,116 - INFO - Successfully sent day4 email to isaih@fireballfindings.com
2025-10-16 13:17:34,126 - INFO - Updated day4_sent tracking for user 186
2025-10-16 13:17:34,926 - INFO - Successfully sent day4 email to scottsmoot962@gmail.com
2025-10-16 13:17:34,938 - INFO - Updated day4_sent tracking for user 187
2025-10-16 13:17:35,439 - INFO - Processing 4 users for day6 emails
2025-10-16 13:17:35,729 - INFO - Successfully sent day6 email to smmolinari@comcast.net
2025-10-16 13:17:35,741 - INFO - Updated day6_sent tracking for user 170
2025-10-16 13:17:36,546 - INFO - Successfully sent day6 email to jonahgoodwine@gmail.com
2025-10-16 13:17:36,557 - INFO - Updated day6_sent tracking for user 168
2025-10-16 13:17:37,312 - INFO - Successfully sent day6 email to rouhiert@outlook.com
2025-10-16 13:17:37,321 - INFO - Updated day6_sent tracking for user 167
2025-10-16 13:17:38,100 - INFO - Successfully sent day6 email to schmiesing.31@gmail.com
2025-10-16 13:17:38,117 - INFO - Updated day6_sent tracking for user 169
2025-10-16 13:17:38,618 - INFO - Newsletter sequence completed. Total emails sent: 23
2025-10-17 13:17:05,708 - INFO - Starting newsletter email sequence...
2025-10-17 13:17:05,719 - INFO - Processing 5 users for day2 emails
2025-10-17 13:17:06,015 - INFO - Successfully sent day2 email to ayan_c@live.com
2025-10-17 13:17:06,025 - INFO - Updated day2_sent tracking for user 207
2025-10-17 13:17:06,799 - INFO - Successfully sent day2 email to rdales@gmail.com
2025-10-17 13:17:06,810 - INFO - Updated day2_sent tracking for user 208
2025-10-17 13:17:07,635 - INFO - Successfully sent day2 email to rdales@smu.edu
2025-10-17 13:17:07,649 - INFO - Updated day2_sent tracking for user 209
2025-10-17 13:17:08,411 - INFO - Successfully sent day2 email to rparthip@andrew.cmu.edu
2025-10-17 13:17:08,429 - INFO - Updated day2_sent tracking for user 210
2025-10-17 13:17:09,193 - INFO - Successfully sent day2 email to np_sanabria@yahoo.com
2025-10-17 13:17:09,211 - INFO - Updated day2_sent tracking for user 211
2025-10-17 13:17:09,711 - INFO - Processing 11 users for day4 emails
2025-10-17 13:17:10,069 - INFO - Successfully sent day4 email to wittym1@hotmail.com
2025-10-17 13:17:10,087 - INFO - Updated day4_sent tracking for user 190
2025-10-17 13:17:10,898 - INFO - Successfully sent day4 email to jakerichardsedu@gmail.com
2025-10-17 13:17:10,915 - INFO - Updated day4_sent tracking for user 191
2025-10-17 13:17:11,716 - INFO - Successfully sent day4 email to kanatalanikhil25@gmail.com
2025-10-17 13:17:11,726 - INFO - Updated day4_sent tracking for user 192
2025-10-17 13:17:12,464 - INFO - Successfully sent day4 email to gnutting27@gmail.com
2025-10-17 13:17:12,474 - INFO - Updated day4_sent tracking for user 193
2025-10-17 13:17:13,240 - INFO - Successfully sent day4 email to david.djm.myers@gmail.com
2025-10-17 13:17:13,257 - INFO - Updated day4_sent tracking for user 194
2025-10-17 13:17:14,070 - INFO - Successfully sent day4 email to cdblitze@gmail.com
2025-10-17 13:17:14,087 - INFO - Updated day4_sent tracking for user 195
2025-10-17 13:17:14,903 - INFO - Successfully sent day4 email to otaviosanluz@gmail.com
2025-10-17 13:17:14,919 - INFO - Updated day4_sent tracking for user 196
2025-10-17 13:17:15,716 - INFO - Successfully sent day4 email to andrewpeters1994@gmail.com
2025-10-17 13:17:15,729 - INFO - Updated day4_sent tracking for user 197
2025-10-17 13:17:16,517 - INFO - Successfully sent day4 email to samjohnson29100@gmail.com
2025-10-17 13:17:16,534 - INFO - Updated day4_sent tracking for user 198
2025-10-17 13:17:17,274 - INFO - Successfully sent day4 email to tgalowski@gmail.com
2025-10-17 13:17:17,291 - INFO - Updated day4_sent tracking for user 200
2025-10-17 13:17:18,083 - INFO - Successfully sent day4 email to brianna.stopher@gmail.com
2025-10-17 13:17:18,104 - INFO - Updated day4_sent tracking for user 189
2025-10-17 13:17:18,605 - INFO - Processing 1 users for day6 emails
2025-10-17 13:17:18,937 - INFO - Successfully sent day6 email to jmpastis@syr.edu
2025-10-17 13:17:18,954 - INFO - Updated day6_sent tracking for user 171
2025-10-17 13:17:19,455 - INFO - Newsletter sequence completed. Total emails sent: 17
2025-10-18 13:16:42,130 - INFO - Starting newsletter email sequence...
2025-10-18 13:16:42,142 - INFO - Processing 9 users for day2 emails
2025-10-18 13:16:42,403 - INFO - Successfully sent day2 email to revilowise@gmail.com
2025-10-18 13:16:42,427 - INFO - Updated day2_sent tracking for user 221
2025-10-18 13:16:43,230 - INFO - Successfully sent day2 email to ercesavas@gmail.com
2025-10-18 13:16:43,249 - INFO - Updated day2_sent tracking for user 212
2025-10-18 13:16:44,075 - INFO - Successfully sent day2 email to ejchard2000@gmail.com
2025-10-18 13:16:44,092 - INFO - Updated day2_sent tracking for user 213
2025-10-18 13:16:44,876 - INFO - Successfully sent day2 email to elialanza90@gmail.com
2025-10-18 13:16:44,890 - INFO - Updated day2_sent tracking for user 214
2025-10-18 13:16:45,620 - INFO - Successfully sent day2 email to roscoegrace42@gmail.com
2025-10-18 13:16:45,641 - INFO - Updated day2_sent tracking for user 215
2025-10-18 13:16:46,712 - INFO - Successfully sent day2 email to coyle186@umn.edu
2025-10-18 13:16:46,724 - INFO - Updated day2_sent tracking for user 216
2025-10-18 13:16:47,522 - INFO - Successfully sent day2 email to kathydeyanes@gmail.com
2025-10-18 13:16:47,535 - INFO - Updated day2_sent tracking for user 218
2025-10-18 13:16:48,297 - INFO - Successfully sent day2 email to kalyugsasur@gmail.com
2025-10-18 13:16:48,307 - INFO - Updated day2_sent tracking for user 219
2025-10-18 13:16:49,147 - INFO - Successfully sent day2 email to lydia.cenac@gmail.com
2025-10-18 13:16:49,157 - INFO - Updated day2_sent tracking for user 220
2025-10-18 13:16:49,658 - INFO - Processing 5 users for day4 emails
2025-10-18 13:16:49,985 - INFO - Successfully sent day4 email to aidenlewis0518@gmail.com
2025-10-18 13:16:49,997 - INFO - Updated day4_sent tracking for user 201
2025-10-18 13:16:50,782 - INFO - Successfully sent day4 email to rromaniuk98@yahoo.ca
2025-10-18 13:16:50,791 - INFO - Updated day4_sent tracking for user 202
2025-10-18 13:16:51,559 - INFO - Successfully sent day4 email to jaredmarko1@comcast.net
2025-10-18 13:16:51,574 - INFO - Updated day4_sent tracking for user 203
2025-10-18 13:16:52,327 - INFO - Successfully sent day4 email to tej.yalamanchili@gmail.com
2025-10-18 13:16:52,338 - INFO - Updated day4_sent tracking for user 204
2025-10-18 13:16:53,096 - INFO - Successfully sent day4 email to view@bspamfree.org
2025-10-18 13:16:53,108 - INFO - Updated day4_sent tracking for user 206
2025-10-18 13:16:53,608 - INFO - Processing 14 users for day6 emails
2025-10-18 13:16:53,873 - INFO - Successfully sent day6 email to henrygliedman@gmail.com
2025-10-18 13:16:53,889 - INFO - Updated day6_sent tracking for user 172
2025-10-18 13:16:54,675 - INFO - Successfully sent day6 email to elizabeth.c.bloom@gmail.com
2025-10-18 13:16:54,687 - INFO - Updated day6_sent tracking for user 173
2025-10-18 13:16:55,446 - INFO - Successfully sent day6 email to xavitecnologys@gmail.com
2025-10-18 13:16:55,456 - INFO - Updated day6_sent tracking for user 177
2025-10-18 13:16:56,268 - INFO - Successfully sent day6 email to talk.to.eric.loeb@gmail.com
2025-10-18 13:16:56,284 - INFO - Updated day6_sent tracking for user 178
2025-10-18 13:16:57,062 - INFO - Successfully sent day6 email to erictran.7201@gmail.com
2025-10-18 13:16:57,075 - INFO - Updated day6_sent tracking for user 179
2025-10-18 13:16:57,815 - INFO - Successfully sent day6 email to andrew.gerson@gmail.com
2025-10-18 13:16:57,831 - INFO - Updated day6_sent tracking for user 180
2025-10-18 13:16:58,611 - INFO - Successfully sent day6 email to ms7189@columbia.edu
2025-10-18 13:16:58,631 - INFO - Updated day6_sent tracking for user 181
2025-10-18 13:16:59,399 - INFO - Successfully sent day6 email to stan.parker15@gmail.com
2025-10-18 13:16:59,418 - INFO - Updated day6_sent tracking for user 182
2025-10-18 13:17:00,158 - INFO - Successfully sent day6 email to greenlinks18@hotmail.com
2025-10-18 13:17:00,169 - INFO - Updated day6_sent tracking for user 184
2025-10-18 13:17:00,935 - INFO - Successfully sent day6 email to friedrich.tyler@gmail.com
2025-10-18 13:17:00,946 - INFO - Updated day6_sent tracking for user 174
2025-10-18 13:17:01,766 - INFO - Successfully sent day6 email to justinblattman@gmail.com
2025-10-18 13:17:01,782 - INFO - Updated day6_sent tracking for user 183
2025-10-18 13:17:02,708 - INFO - Successfully sent day6 email to michellebrandaow@gmail.com
2025-10-18 13:17:02,719 - INFO - Updated day6_sent tracking for user 185
2025-10-18 13:17:03,500 - INFO - Successfully sent day6 email to isaih@fireballfindings.com
2025-10-18 13:17:03,517 - INFO - Updated day6_sent tracking for user 186
2025-10-18 13:17:04,272 - INFO - Successfully sent day6 email to scottsmoot962@gmail.com
2025-10-18 13:17:04,290 - INFO - Updated day6_sent tracking for user 187
2025-10-18 13:17:04,791 - INFO - Newsletter sequence completed. Total emails sent: 28
2025-10-19 13:16:31,356 - INFO - Starting newsletter email sequence...
2025-10-19 13:16:31,367 - INFO - Processing 6 users for day2 emails
2025-10-19 13:16:31,620 - INFO - Successfully sent day2 email to ak90clb@gmail.com
2025-10-19 13:16:31,631 - INFO - Updated day2_sent tracking for user 222
2025-10-19 13:16:32,354 - INFO - Successfully sent day2 email to tristan.fattedad@mail.utoronto.ca
2025-10-19 13:16:32,366 - INFO - Updated day2_sent tracking for user 223
2025-10-19 13:16:33,126 - INFO - Successfully sent day2 email to jacoblev05@gmail.com
2025-10-19 13:16:33,139 - INFO - Updated day2_sent tracking for user 224
2025-10-19 13:16:33,869 - INFO - Successfully sent day2 email to fglezmejia13@gmail.com
2025-10-19 13:16:33,880 - INFO - Updated day2_sent tracking for user 225
2025-10-19 13:16:34,993 - INFO - Successfully sent day2 email to aadarsh.ganta04@gmail.com
2025-10-19 13:16:35,004 - INFO - Updated day2_sent tracking for user 226
2025-10-19 13:16:35,801 - INFO - Successfully sent day2 email to etoppjohnson@gmail.com
2025-10-19 13:16:35,811 - INFO - Updated day2_sent tracking for user 227
2025-10-19 13:16:36,312 - INFO - Processing 5 users for day4 emails
2025-10-19 13:16:36,573 - INFO - Successfully sent day4 email to rdales@smu.edu
2025-10-19 13:16:36,591 - INFO - Updated day4_sent tracking for user 209
2025-10-19 13:16:37,389 - INFO - Successfully sent day4 email to rparthip@andrew.cmu.edu
2025-10-19 13:16:37,406 - INFO - Updated day4_sent tracking for user 210
2025-10-19 13:16:38,192 - INFO - Successfully sent day4 email to np_sanabria@yahoo.com
2025-10-19 13:16:38,211 - INFO - Updated day4_sent tracking for user 211
2025-10-19 13:16:38,986 - INFO - Successfully sent day4 email to ayan_c@live.com
2025-10-19 13:16:38,996 - INFO - Updated day4_sent tracking for user 207
2025-10-19 13:16:40,050 - INFO - Successfully sent day4 email to rdales@gmail.com
2025-10-19 13:16:40,066 - INFO - Updated day4_sent tracking for user 208
2025-10-19 13:16:40,567 - INFO - Processing 11 users for day6 emails
2025-10-19 13:16:40,842 - INFO - Successfully sent day6 email to wittym1@hotmail.com
2025-10-19 13:16:40,860 - INFO - Updated day6_sent tracking for user 190
2025-10-19 13:16:41,601 - INFO - Successfully sent day6 email to jakerichardsedu@gmail.com
2025-10-19 13:16:41,619 - INFO - Updated day6_sent tracking for user 191
2025-10-19 13:16:42,424 - INFO - Successfully sent day6 email to brianna.stopher@gmail.com
2025-10-19 13:16:42,440 - INFO - Updated day6_sent tracking for user 189
2025-10-19 13:16:43,221 - INFO - Successfully sent day6 email to kanatalanikhil25@gmail.com
2025-10-19 13:16:43,234 - INFO - Updated day6_sent tracking for user 192
2025-10-19 13:16:44,017 - INFO - Successfully sent day6 email to gnutting27@gmail.com
2025-10-19 13:16:44,037 - INFO - Updated day6_sent tracking for user 193
2025-10-19 13:16:44,819 - INFO - Successfully sent day6 email to david.djm.myers@gmail.com
2025-10-19 13:16:44,838 - INFO - Updated day6_sent tracking for user 194
2025-10-19 13:16:45,599 - INFO - Successfully sent day6 email to cdblitze@gmail.com
2025-10-19 13:16:45,609 - INFO - Updated day6_sent tracking for user 195
2025-10-19 13:16:46,400 - INFO - Successfully sent day6 email to otaviosanluz@gmail.com
2025-10-19 13:16:46,410 - INFO - Updated day6_sent tracking for user 196
2025-10-19 13:16:47,159 - INFO - Successfully sent day6 email to andrewpeters1994@gmail.com
2025-10-19 13:16:47,176 - INFO - Updated day6_sent tracking for user 197
2025-10-19 13:16:48,020 - INFO - Successfully sent day6 email to samjohnson29100@gmail.com
2025-10-19 13:16:48,037 - INFO - Updated day6_sent tracking for user 198
2025-10-19 13:16:48,902 - INFO - Successfully sent day6 email to tgalowski@gmail.com
2025-10-19 13:16:48,921 - INFO - Updated day6_sent tracking for user 200
2025-10-19 13:16:49,421 - INFO - Newsletter sequence completed. Total emails sent: 22
2025-10-20 13:17:49,141 - INFO - Starting newsletter email sequence...
2025-10-20 13:17:49,151 - INFO - Processing 3 users for day2 emails
2025-10-20 13:17:49,386 - INFO - Successfully sent day2 email to gaddyatlaifarias@gmail.com
2025-10-20 13:17:49,397 - INFO - Updated day2_sent tracking for user 228
2025-10-20 13:17:50,152 - INFO - Successfully sent day2 email to terodgers@mail.lipscomb.edu
2025-10-20 13:17:50,163 - INFO - Updated day2_sent tracking for user 229
2025-10-20 13:17:50,928 - INFO - Successfully sent day2 email to nathanielbenner@gmail.com
2025-10-20 13:17:50,939 - INFO - Updated day2_sent tracking for user 230
2025-10-20 13:17:51,439 - INFO - Processing 9 users for day4 emails
2025-10-20 13:17:51,689 - INFO - Successfully sent day4 email to revilowise@gmail.com
2025-10-20 13:17:51,699 - INFO - Updated day4_sent tracking for user 221
2025-10-20 13:17:52,465 - INFO - Successfully sent day4 email to ercesavas@gmail.com
2025-10-20 13:17:52,476 - INFO - Updated day4_sent tracking for user 212
2025-10-20 13:17:53,239 - INFO - Successfully sent day4 email to ejchard2000@gmail.com
2025-10-20 13:17:53,255 - INFO - Updated day4_sent tracking for user 213
2025-10-20 13:17:54,079 - INFO - Successfully sent day4 email to elialanza90@gmail.com
2025-10-20 13:17:54,098 - INFO - Updated day4_sent tracking for user 214
2025-10-20 13:17:54,866 - INFO - Successfully sent day4 email to roscoegrace42@gmail.com
2025-10-20 13:17:54,880 - INFO - Updated day4_sent tracking for user 215
2025-10-20 13:17:55,612 - INFO - Successfully sent day4 email to coyle186@umn.edu
2025-10-20 13:17:55,625 - INFO - Updated day4_sent tracking for user 216
2025-10-20 13:17:56,402 - INFO - Successfully sent day4 email to lydia.cenac@gmail.com
2025-10-20 13:17:56,413 - INFO - Updated day4_sent tracking for user 220
2025-10-20 13:17:57,263 - INFO - Successfully sent day4 email to kathydeyanes@gmail.com
2025-10-20 13:17:57,279 - INFO - Updated day4_sent tracking for user 218
2025-10-20 13:17:58,037 - INFO - Successfully sent day4 email to kalyugsasur@gmail.com
2025-10-20 13:17:58,048 - INFO - Updated day4_sent tracking for user 219
2025-10-20 13:17:58,548 - INFO - Processing 5 users for day6 emails
2025-10-20 13:17:58,816 - INFO - Successfully sent day6 email to aidenlewis0518@gmail.com
2025-10-20 13:17:58,827 - INFO - Updated day6_sent tracking for user 201
2025-10-20 13:17:59,591 - INFO - Successfully sent day6 email to rromaniuk98@yahoo.ca
2025-10-20 13:17:59,601 - INFO - Updated day6_sent tracking for user 202
2025-10-20 13:18:00,338 - INFO - Successfully sent day6 email to jaredmarko1@comcast.net
2025-10-20 13:18:00,351 - INFO - Updated day6_sent tracking for user 203
2025-10-20 13:18:01,122 - INFO - Successfully sent day6 email to tej.yalamanchili@gmail.com
2025-10-20 13:18:01,132 - INFO - Updated day6_sent tracking for user 204
2025-10-20 13:18:01,896 - INFO - Successfully sent day6 email to view@bspamfree.org
2025-10-20 13:18:01,906 - INFO - Updated day6_sent tracking for user 206
2025-10-20 13:18:02,407 - INFO - Newsletter sequence completed. Total emails sent: 17
2025-10-21 13:16:57,642 - INFO - Starting newsletter email sequence...
2025-10-21 13:16:57,654 - INFO - Processing 2 users for day2 emails
2025-10-21 13:16:57,966 - INFO - Successfully sent day2 email to ana.bento.001@gmail.com
2025-10-21 13:16:57,977 - INFO - Updated day2_sent tracking for user 231
2025-10-21 13:16:58,723 - INFO - Successfully sent day2 email to mcmanus.bw@gmail.com
2025-10-21 13:16:58,734 - INFO - Updated day2_sent tracking for user 232
2025-10-21 13:16:59,234 - INFO - Processing 6 users for day4 emails
2025-10-21 13:16:59,483 - INFO - Successfully sent day4 email to ak90clb@gmail.com
2025-10-21 13:16:59,495 - INFO - Updated day4_sent tracking for user 222
2025-10-21 13:17:00,302 - INFO - Successfully sent day4 email to tristan.fattedad@mail.utoronto.ca
2025-10-21 13:17:00,314 - INFO - Updated day4_sent tracking for user 223
2025-10-21 13:17:01,062 - INFO - Successfully sent day4 email to fglezmejia13@gmail.com
2025-10-21 13:17:01,073 - INFO - Updated day4_sent tracking for user 225
2025-10-21 13:17:01,828 - INFO - Successfully sent day4 email to aadarsh.ganta04@gmail.com
2025-10-21 13:17:01,840 - INFO - Updated day4_sent tracking for user 226
2025-10-21 13:17:02,575 - INFO - Successfully sent day4 email to etoppjohnson@gmail.com
2025-10-21 13:17:02,585 - INFO - Updated day4_sent tracking for user 227
2025-10-21 13:17:03,360 - INFO - Successfully sent day4 email to jacoblev05@gmail.com
2025-10-21 13:17:03,370 - INFO - Updated day4_sent tracking for user 224
2025-10-21 13:17:03,871 - INFO - Processing 5 users for day6 emails
2025-10-21 13:17:04,131 - INFO - Successfully sent day6 email to np_sanabria@yahoo.com
2025-10-21 13:17:04,141 - INFO - Updated day6_sent tracking for user 211
2025-10-21 13:17:04,928 - INFO - Successfully sent day6 email to ayan_c@live.com
2025-10-21 13:17:04,940 - INFO - Updated day6_sent tracking for user 207
2025-10-21 13:17:05,741 - INFO - Successfully sent day6 email to rdales@smu.edu
2025-10-21 13:17:05,755 - INFO - Updated day6_sent tracking for user 209
2025-10-21 13:17:06,503 - INFO - Successfully sent day6 email to rparthip@andrew.cmu.edu
2025-10-21 13:17:06,519 - INFO - Updated day6_sent tracking for user 210
2025-10-21 13:17:07,264 - INFO - Successfully sent day6 email to rdales@gmail.com
2025-10-21 13:17:07,274 - INFO - Updated day6_sent tracking for user 208
2025-10-21 13:17:07,774 - INFO - Newsletter sequence completed. Total emails sent: 13
2025-10-22 13:17:33,080 - INFO - Starting newsletter email sequence...
2025-10-22 13:17:33,089 - INFO - Processing 2 users for day2 emails
2025-10-22 13:17:33,380 - INFO - Successfully sent day2 email to adrianandres12@gmail.com
2025-10-22 13:17:33,396 - INFO - Updated day2_sent tracking for user 233
2025-10-22 13:17:34,188 - INFO - Successfully sent day2 email to abhinavrayaprol1@gmail.com
2025-10-22 13:17:34,197 - INFO - Updated day2_sent tracking for user 234
2025-10-22 13:17:34,697 - INFO - Processing 3 users for day4 emails
2025-10-22 13:17:34,977 - INFO - Successfully sent day4 email to gaddyatlaifarias@gmail.com
2025-10-22 13:17:34,994 - INFO - Updated day4_sent tracking for user 228
2025-10-22 13:17:35,753 - INFO - Successfully sent day4 email to terodgers@mail.lipscomb.edu
2025-10-22 13:17:35,763 - INFO - Updated day4_sent tracking for user 229
2025-10-22 13:17:36,529 - INFO - Successfully sent day4 email to nathanielbenner@gmail.com
2025-10-22 13:17:36,546 - INFO - Updated day4_sent tracking for user 230
2025-10-22 13:17:37,047 - INFO - Processing 9 users for day6 emails
2025-10-22 13:17:37,330 - INFO - Successfully sent day6 email to ejchard2000@gmail.com
2025-10-22 13:17:37,348 - INFO - Updated day6_sent tracking for user 213
2025-10-22 13:17:38,156 - INFO - Successfully sent day6 email to elialanza90@gmail.com
2025-10-22 13:17:38,177 - INFO - Updated day6_sent tracking for user 214
2025-10-22 13:17:38,928 - INFO - Successfully sent day6 email to roscoegrace42@gmail.com
2025-10-22 13:17:38,945 - INFO - Updated day6_sent tracking for user 215
2025-10-22 13:17:39,702 - INFO - Successfully sent day6 email to coyle186@umn.edu
2025-10-22 13:17:39,712 - INFO - Updated day6_sent tracking for user 216
2025-10-22 13:17:40,465 - INFO - Successfully sent day6 email to lydia.cenac@gmail.com
2025-10-22 13:17:40,476 - INFO - Updated day6_sent tracking for user 220
2025-10-22 13:17:41,234 - INFO - Successfully sent day6 email to kathydeyanes@gmail.com
2025-10-22 13:17:41,244 - INFO - Updated day6_sent tracking for user 218
2025-10-22 13:17:41,974 - INFO - Successfully sent day6 email to kalyugsasur@gmail.com
2025-10-22 13:17:41,984 - INFO - Updated day6_sent tracking for user 219
2025-10-22 13:17:42,731 - INFO - Successfully sent day6 email to revilowise@gmail.com
2025-10-22 13:17:42,743 - INFO - Updated day6_sent tracking for user 221
2025-10-22 13:17:43,966 - INFO - Successfully sent day6 email to ercesavas@gmail.com
2025-10-22 13:17:43,977 - INFO - Updated day6_sent tracking for user 212
2025-10-22 13:17:44,478 - INFO - Newsletter sequence completed. Total emails sent: 14
2025-10-23 13:18:39,631 - INFO - Starting newsletter email sequence...
2025-10-23 13:18:39,641 - INFO - Processing 6 users for day2 emails
2025-10-23 13:18:39,982 - INFO - Successfully sent day2 email to ga757@bath.ac.uk
2025-10-23 13:18:39,995 - INFO - Updated day2_sent tracking for user 235
2025-10-23 13:18:40,757 - INFO - Successfully sent day2 email to kellseystern@gmail.com
2025-10-23 13:18:40,767 - INFO - Updated day2_sent tracking for user 236
2025-10-23 13:18:41,517 - INFO - Successfully sent day2 email to lazarfaca99@gmail.com
2025-10-23 13:18:41,528 - INFO - Updated day2_sent tracking for user 237
2025-10-23 13:18:42,322 - INFO - Successfully sent day2 email to dwijn@umich.edu
2025-10-23 13:18:42,339 - INFO - Updated day2_sent tracking for user 238
2025-10-23 13:18:43,090 - INFO - Successfully sent day2 email to jamoscotte@gmail.com
2025-10-23 13:18:43,108 - INFO - Updated day2_sent tracking for user 239
2025-10-23 13:18:43,868 - INFO - Successfully sent day2 email to paul.forsyth@hotmail.co.uk
2025-10-23 13:18:43,884 - INFO - Updated day2_sent tracking for user 241
2025-10-23 13:18:44,385 - INFO - Processing 2 users for day4 emails
2025-10-23 13:18:44,646 - INFO - Successfully sent day4 email to ana.bento.001@gmail.com
2025-10-23 13:18:44,661 - INFO - Updated day4_sent tracking for user 231
2025-10-23 13:18:45,415 - INFO - Successfully sent day4 email to mcmanus.bw@gmail.com
2025-10-23 13:18:45,426 - INFO - Updated day4_sent tracking for user 232
2025-10-23 13:18:45,927 - INFO - Processing 7 users for day6 emails
2025-10-23 13:18:46,198 - INFO - Successfully sent day6 email to tristan.fattedad@mail.utoronto.ca
2025-10-23 13:18:46,208 - INFO - Updated day6_sent tracking for user 223
2025-10-23 13:18:46,960 - INFO - Successfully sent day6 email to fglezmejia13@gmail.com
2025-10-23 13:18:46,971 - INFO - Updated day6_sent tracking for user 225
2025-10-23 13:18:47,757 - INFO - Successfully sent day6 email to aadarsh.ganta04@gmail.com
2025-10-23 13:18:47,773 - INFO - Updated day6_sent tracking for user 226
2025-10-23 13:18:48,538 - INFO - Successfully sent day6 email to etoppjohnson@gmail.com
2025-10-23 13:18:48,552 - INFO - Updated day6_sent tracking for user 227
2025-10-23 13:18:49,313 - INFO - Successfully sent day6 email to jacoblev05@gmail.com
2025-10-23 13:18:49,323 - INFO - Updated day6_sent tracking for user 224
2025-10-23 13:18:50,112 - INFO - Successfully sent day6 email to gaddyatlaifarias@gmail.com
2025-10-23 13:18:50,131 - INFO - Updated day6_sent tracking for user 228
2025-10-23 13:18:50,943 - INFO - Successfully sent day6 email to ak90clb@gmail.com
2025-10-23 13:18:50,953 - INFO - Updated day6_sent tracking for user 222
2025-10-23 13:18:51,454 - INFO - Newsletter sequence completed. Total emails sent: 15
2025-10-24 13:17:51,242 - INFO - Starting newsletter email sequence...
2025-10-24 13:17:51,252 - INFO - Processing 10 users for day2 emails
2025-10-24 13:17:51,503 - INFO - Successfully sent day2 email to tskills24@gmail.com
2025-10-24 13:17:51,513 - INFO - Updated day2_sent tracking for user 242
2025-10-24 13:17:52,265 - INFO - Successfully sent day2 email to hblondin02@gmail.com
2025-10-24 13:17:52,276 - INFO - Updated day2_sent tracking for user 243
2025-10-24 13:17:53,049 - INFO - Successfully sent day2 email to jackson.celestin18@gmail.com
2025-10-24 13:17:53,060 - INFO - Updated day2_sent tracking for user 244
2025-10-24 13:17:53,840 - INFO - Successfully sent day2 email to ikemerten@gmail.com
2025-10-24 13:17:53,854 - INFO - Updated day2_sent tracking for user 245
2025-10-24 13:17:54,682 - INFO - Successfully sent day2 email to akfehr@gmail.com
2025-10-24 13:17:54,700 - INFO - Updated day2_sent tracking for user 246
2025-10-24 13:17:55,472 - INFO - Successfully sent day2 email to noorul.sarodia@gmail.com
2025-10-24 13:17:55,484 - INFO - Updated day2_sent tracking for user 247
2025-10-24 13:17:56,235 - INFO - Successfully sent day2 email to rumodlamini@gmail.com
2025-10-24 13:17:56,245 - INFO - Updated day2_sent tracking for user 248
2025-10-24 13:17:57,007 - INFO - Successfully sent day2 email to abhirammujumdar03@gmail.com
2025-10-24 13:17:57,018 - INFO - Updated day2_sent tracking for user 249
2025-10-24 13:17:57,769 - INFO - Successfully sent day2 email to rjhaveri24@gmail.com
2025-10-24 13:17:57,786 - INFO - Updated day2_sent tracking for user 250
2025-10-24 13:17:58,535 - INFO - Successfully sent day2 email to maldonado.versiani@gmail.com
2025-10-24 13:17:58,551 - INFO - Updated day2_sent tracking for user 251
2025-10-24 13:17:59,052 - INFO - Processing 2 users for day4 emails
2025-10-24 13:17:59,332 - INFO - Successfully sent day4 email to abhinavrayaprol1@gmail.com
2025-10-24 13:17:59,343 - INFO - Updated day4_sent tracking for user 234
2025-10-24 13:18:00,213 - INFO - Successfully sent day4 email to adrianandres12@gmail.com
2025-10-24 13:18:00,224 - INFO - Updated day4_sent tracking for user 233
2025-10-24 13:18:00,725 - INFO - Processing 2 users for day6 emails
2025-10-24 13:18:01,020 - INFO - Successfully sent day6 email to terodgers@mail.lipscomb.edu
2025-10-24 13:18:01,031 - INFO - Updated day6_sent tracking for user 229
2025-10-24 13:18:01,757 - INFO - Successfully sent day6 email to nathanielbenner@gmail.com
2025-10-24 13:18:01,769 - INFO - Updated day6_sent tracking for user 230
2025-10-24 13:18:02,269 - INFO - Newsletter sequence completed. Total emails sent: 14
2025-10-25 13:17:01,962 - INFO - Starting newsletter email sequence...
2025-10-25 13:17:01,974 - INFO - Processing 10 users for day2 emails
2025-10-25 13:17:02,367 - INFO - Successfully sent day2 email to joey.rucska@hotmail.ca
2025-10-25 13:17:02,383 - INFO - Updated day2_sent tracking for user 252
2025-10-25 13:17:03,206 - INFO - Successfully sent day2 email to michaelsanders4506@gmail.com
2025-10-25 13:17:03,219 - INFO - Updated day2_sent tracking for user 253
2025-10-25 13:17:03,974 - INFO - Successfully sent day2 email to kleo@gmail.com
2025-10-25 13:17:03,984 - INFO - Updated day2_sent tracking for user 254
2025-10-25 13:17:04,723 - INFO - Successfully sent day2 email to lplatania32@gmail.com
2025-10-25 13:17:04,734 - INFO - Updated day2_sent tracking for user 255
2025-10-25 13:17:05,502 - INFO - Successfully sent day2 email to tylerjanak09@gmail.com
2025-10-25 13:17:05,513 - INFO - Updated day2_sent tracking for user 256
2025-10-25 13:17:06,244 - INFO - Successfully sent day2 email to scott.gray@tremontglobal.com
2025-10-25 13:17:06,254 - INFO - Updated day2_sent tracking for user 257
2025-10-25 13:17:06,990 - INFO - Successfully sent day2 email to antonio.extras.etc@gmail.com
2025-10-25 13:17:07,002 - INFO - Updated day2_sent tracking for user 258
2025-10-25 13:17:07,743 - INFO - Successfully sent day2 email to eusouogiovane@gmail.com
2025-10-25 13:17:07,755 - INFO - Updated day2_sent tracking for user 259
2025-10-25 13:17:08,515 - INFO - Successfully sent day2 email to junker4825@gmail.com
2025-10-25 13:17:08,525 - INFO - Updated day2_sent tracking for user 260
2025-10-25 13:17:09,278 - INFO - Successfully sent day2 email to jakesjordan00@gmail.com
2025-10-25 13:17:09,287 - INFO - Updated day2_sent tracking for user 261
2025-10-25 13:17:09,788 - INFO - Processing 6 users for day4 emails
2025-10-25 13:17:10,041 - INFO - Successfully sent day4 email to ga757@bath.ac.uk
2025-10-25 13:17:10,051 - INFO - Updated day4_sent tracking for user 235
2025-10-25 13:17:10,828 - INFO - Successfully sent day4 email to kellseystern@gmail.com
2025-10-25 13:17:10,841 - INFO - Updated day4_sent tracking for user 236
2025-10-25 13:17:11,674 - INFO - Successfully sent day4 email to lazarfaca99@gmail.com
2025-10-25 13:17:11,687 - INFO - Updated day4_sent tracking for user 237
2025-10-25 13:17:12,464 - INFO - Successfully sent day4 email to dwijn@umich.edu
2025-10-25 13:17:12,478 - INFO - Updated day4_sent tracking for user 238
2025-10-25 13:17:13,498 - INFO - Successfully sent day4 email to jamoscotte@gmail.com
2025-10-25 13:17:13,513 - INFO - Updated day4_sent tracking for user 239
2025-10-25 13:17:14,277 - INFO - Successfully sent day4 email to paul.forsyth@hotmail.co.uk
2025-10-25 13:17:14,290 - INFO - Updated day4_sent tracking for user 241
2025-10-25 13:17:14,790 - INFO - Processing 2 users for day6 emails
2025-10-25 13:17:15,138 - INFO - Successfully sent day6 email to mcmanus.bw@gmail.com
2025-10-25 13:17:15,157 - INFO - Updated day6_sent tracking for user 232
2025-10-25 13:17:15,931 - INFO - Successfully sent day6 email to ana.bento.001@gmail.com
2025-10-25 13:17:15,949 - INFO - Updated day6_sent tracking for user 231
2025-10-25 13:17:16,450 - INFO - Newsletter sequence completed. Total emails sent: 18
